:020000040800F2
:100000000050002079260008552400085D240008CF
:10001000652400086D240008752400080000000015
:100020000000000000000000000000007D24000827
:10003000892400080000000095240008A12400087D
:10004000C1260008C1260008C1260008C1260008F4
:10005000C1260008C1260008C1260008C1260008E4
:10006000C1260008C1260008C1260008C1260008D4
:10007000C1260008C1260008C1260008C1260008C4
:10008000C1260008C1260008C1260008C1260008B4
:10009000C1260008C1260008C1260008C1260008A4
:1000A000C1260008C1260008C1260008C126000894
:1000B000C1260008C1260008C1260008C126000884
:1000C000C1260008C1260008C1260008AD2400088A
:1000D000C1240008D5240008C1260008C126000854
:1000E000C1260008C1260008C12600080000000043
:1000F0000000000000000000000000000000000000
:0C01000000000000000000005FF808F1A3
:1001100010B5054C237833B9044B13B10448AFF341
:1001200000800123237010BDDC01002000000000CE
:100130005CB0000808B5034B1BB103490348AFF39B
:10014000008008BD00000000E00100205CB0000855
:10015000034613F8012B002AFBD1181A0138704707
:1001600081F0004102E000BF83F0004330B54FEA68
:1001700041044FEA430594EA050F08BF90EA020FD5
:100180001FBF54EA000C55EA020C7FEA645C7FEA68
:10019000655C00F0E2804FEA5454D4EB5555B8BF8B
:1001A0006D420CDD2C4480EA020281EA030382EAFC
:1001B000000083EA010180EA020281EA0303362D8E
:1001C00088BF30BD11F0004F4FEA01314FF4801C61
:1001D0004CEA113102D0404261EB410113F0004F73
:1001E0004FEA03334CEA133302D0524263EB43032A
:1001F00094EA050F00F0A780A4F10104D5F1200EC8
:100200000DDB02FA0EFC22FA05F2801841F1000122
:1002100003FA0EF2801843FA05F359410EE0A5F1F6
:1002200020050EF1200E012A03FA0EFC28BF4CF027
:10023000020C43FA05F3C01851EBE37101F00045DD
:1002400007D54FF0000EDCF1000C7EEB00006EEBEA
:100250000101B1F5801F1BD3B1F5001F0CD3490874
:100260005FEA30004FEA3C0C04F101044FEA4452CB
:1002700012F5800F80F09A80BCF1004F08BF5FEA52
:10028000500C50F1000041EB045141EA050130BD32
:100290005FEA4C0C404141EB0101013C28BFB1F544
:1002A000801FE9D291F0000F04BF01460020B1FA8F
:1002B00081F308BF2033A3F10B03B3F120020CDA62
:1002C0000C3208DD02F1140CC2F10C0201FA0CF040
:1002D00021FA02F10CE002F11402D8BFC2F1200CA5
:1002E00001FA02F120FA0CFCDCBF41EA0C0190405B
:1002F000E41AA2BF01EB0451294330BD6FEA0404A4
:100300001F3C1CDA0C340EDC04F11404C4F120028E
:1003100020FA04F001FA02F340EA030021FA04F3A0
:1003200045EA030130BDC4F10C04C4F1200220FAF7
:1003300002F001FA04F340EA0300294630BD21FA35
:1003400004F0294630BD94F0000F83F4801306BFFB
:1003500081F480110134013D4EE77FEA645C18BFEF
:100360007FEA655C29D094EA050F08BF90EA020F86
:1003700005D054EA000C04BF1946104630BD91EA7E
:10038000030F1EBF0021002030BD5FEA545C05D181
:100390004000494128BF41F0004130BD14F58004C0
:1003A0003CBF01F5801130BD01F0004545F0FE4134
:1003B00041F470014FF0000030BD7FEA645C1ABF69
:1003C000194610467FEA655C1CBF0B46024650EAA0
:1003D000013406BF52EA033591EA030F41F40021CC
:1003E00030BD00BF90F0000F04BF0021704730B552
:1003F0004FF4806404F132044FF000054FF0000127
:1004000050E700BF90F0000F04BF0021704730B5E7
:100410004FF4806404F1320410F0004548BF4042BC
:100420004FF000013EE700BF42004FEAE2014FEA11
:1004300031014FEA02701FBF12F07F4393F07F4FEC
:1004400081F06051704732F07F4208BF704793F0EF
:100450007F4F04BF41F40021704730B54FF4607402
:1004600001F0004521F000411CE700BF50EA010205
:1004700008BF704730B54FF000050AE050EA0102AE
:1004800008BF704730B511F0004502D5404261EB1E
:1004900041014FF4806404F132045FEA915C3FF45F
:1004A000D8AE4FF003025FEADC0C18BF03325FEAFC
:1004B000DC0C18BF033202EBDC02C2F1200300FAAD
:1004C00003FC20FA02F001FA03FE40EA0E0021FAD2
:1004D00002F11444BDE600BF70B54FF0FF0C4CF4C0
:1004E000E06C1CEA11541DBF1CEA135594EA0C0F72
:1004F00095EA0C0F00F0DEF82C4481EA030621EAAD
:100500004C5123EA4C5350EA013518BF52EA0335E7
:1005100041F4801143F4801338D0A0FB02CE4FF099
:100520000005E1FB02E506F00042E0FB03E54FF0C9
:100530000006E1FB03569CF0000F18BF4EF0010EC1
:10054000A4F1FF04B6F5007F64F5407404D25FEABD
:100550004E0E6D4146EB060642EAC62141EA555170
:100560004FEAC52040EA5E504FEACE2EB4F1FD0CB2
:1005700088BFBCF5E06F1ED8BEF1004F08BF5FEA30
:10058000500E50F1000041EB045170BD06F00046E2
:1005900046EA010140EA020081EA0301B4EB5C048F
:1005A000C2BFD4EB0C0541EA045170BD41F4801187
:1005B0004FF0000E013C00F3AB8014F1360FDEBFAC
:1005C000002001F0004170BDC4F10004203C35DA88
:1005D0000C341BDC04F11404C4F1200500FA05F30B
:1005E00020FA04F001FA05F240EA020001F00042AC
:1005F00021F0004110EBD37021FA04F642EB060122
:100600005EEA430E08BF20EAD37070BDC4F10C044B
:10061000C4F1200500FA04F320FA05F001FA04F20F
:1006200040EA020001F0004110EBD37041F10001FB
:100630005EEA430E08BF20EAD37070BDC4F1200506
:1006400000FA05F24EEA020E20FA04F301FA05F26E
:1006500043EA020321FA04F001F0004121FA04F216
:1006600020EA020000EBD3705EEA430E08BF20EAE6
:10067000D37070BD94F0000F0FD101F00046400020
:1006800041EB010111F4801F08BF013CF7D041EAA2
:10069000060195F0000F18BF704703F000465200A6
:1006A00043EB030313F4801F08BF013DF7D043EA77
:1006B0000603704794EA0C0F0CEA135518BF95EA2D
:1006C0000C0F0CD050EA410618BF52EA4306D1D1B4
:1006D00081EA030101F000414FF0000070BD50EAD3
:1006E000410606BF1046194652EA430619D094EA5D
:1006F0000C0F02D150EA013613D195EA0C0F05D147
:1007000052EA03361CBF104619460AD181EA03019A
:1007100001F0004141F0FE4141F470014FF0000052
:1007200070BD41F0FE4141F4780170BD70B54FF0ED
:10073000FF0C4CF4E06C1CEA11541DBF1CEA13556D
:1007400094EA0C0F95EA0C0F00F0A7F8A4EB05044F
:1007500081EA030E52EA03354FEA013100F0888046
:100760004FEA03334FF0805545EA131343EA12630F
:100770004FEA022245EA111545EA10654FEA0026C4
:100780000EF000419D4208BF964244F1FD0404F57D
:10079000407402D25B084FEA3202B61A65EB0305D9
:1007A0005B084FEA32024FF480104FF4002CB6EB96
:1007B000020E75EB030E22BFB61A754640EA0C0016
:1007C0005B084FEA3202B6EB020E75EB030E22BF56
:1007D000B61A754640EA5C005B084FEA3202B6EB97
:1007E000020E75EB030E22BFB61A754640EA9C0056
:1007F0005B084FEA3202B6EB020E75EB030E22BF26
:10080000B61A754640EADC0055EA060E18D04FEAE3
:10081000051545EA16754FEA06164FEAC30343EA83
:1008200052734FEAC2025FEA1C1CC0D111F4801F50
:100830000BD141EA00014FF000004FF0004CB6E749
:1008400011F4801F04BF01430020B4F1FD0C88BFE8
:10085000BCF5E06F3FF6AFAEB5EB030C04BFB6EBF3
:10086000020C5FEA500C50F1000041EB045170BDE6
:100870000EF0004E4EEA113114EB5C04C2BFD4EB13
:100880000C0541EA045170BD41F480114FF0000E97
:10089000013C90E645EA060E8DE60CEA135594EA13
:1008A0000C0F08BF95EA0C0F3FF43BAF94EA0C0F16
:1008B0000AD150EA01347FF434AF95EA0C0F7FF48B
:1008C00025AF104619462CE795EA0C0F06D152EADF
:1008D00003353FF4FDAE1046194622E750EA4106C3
:1008E00018BF52EA43067FF4C5AE50EA41047FF4D4
:1008F0000DAF52EA43057FF4EBAE12E74FF0FF3C39
:1009000006E000BF4FF0010C02E000BF4FF0010C09
:100910004DF804CD4FEA410C7FEA6C5C4FEA430C82
:1009200018BF7FEA6C5C1BD001B050EA410C0CBFD1
:1009300052EA430C91EA030F02BF90EA020F002033
:10094000704710F1000F91EA030F58BF994208BF9A
:1009500090422CBFD8176FEAE37040F00100704757
:100960004FEA410C7FEA6C5C02D150EA013C07D1AE
:100970004FEA430C7FEA6C5CD6D152EA033CD3D0F9
:100980005DF8040B704700BF8446104662468C46F3
:100990001946634600E000BF01B5FFF7B7FF002826
:1009A00048BF10F1000F01BD4DF808EDFFF7F4FF4F
:1009B0000CBF012000205DF808FB00BF4DF808EDDA
:1009C000FFF7EAFF34BF012000205DF808FB00BFFD
:1009D0004DF808EDFFF7E0FF94BF012000205DF81F
:1009E00008FB00BF4DF808EDFFF7CEFF94BF0120D4
:1009F00000205DF808FB00BF4DF808EDFFF7C4FFCD
:100A000034BF012000205DF808FB00BF4FEA410C15
:100A10007FEA6C5C02D150EA013C0AD14FEA430CF8
:100A20007FEA6C5C02D152EA033C02D14FF0000035
:100A300070474FF0010070474FEA410212F5001273
:100A400015D211D56FF47873B3EB625212D94FEA15
:100A5000C12343F0004343EA505311F0004F23FAFF
:100A600002F018BF404270474FF00000704750EA54
:100A7000013005D111F0004008BF6FF00040704711
:100A80004FF00000704700BF4A0011D212F500126B
:100A900011D20DD56FF47873B3EB62520ED44FEAD6
:100AA000C12343F0004343EA505323FA02F0704756
:100AB0004FF00000704750EA013002D14FF0FF3094
:100AC00070474FF0000070474FEA4102B2F1E04337
:100AD00024BFB3F5001CDCF1FE5C0DD901F0004C25
:100AE0004FEAC0024CEA5070B2F1004F40EB830075
:100AF00008BF20F00100704711F0804F21D113F1A1
:100B00003872BCBF01F00040704741F480114FEAD9
:100B10005252C2F11802C2F1200C10FA0CF320FA62
:100B200002F018BF40F001004FEAC1234FEAD3237F
:100B300003FA0CFC40EA0C0023FA02F34FEA4303E9
:100B4000CCE77FEA625307D150EA01331EBF4FF072
:100B5000FE4040F44000704701F0004040F0FE408D
:100B600040F40000704700BF80F0004002E000BF8A
:100B700081F0004142001FBF5FEA410392EA030F88
:100B80007FEA226C7FEA236C6AD04FEA1262D2EBD2
:100B90001363C1BFD218414048404140B8BF5B42D7
:100BA000192B88BF704710F0004F40F4000020F070
:100BB0007F4018BF404211F0004F41F4000121F086
:100BC0007F4118BF494292EA030F3FD0A2F10102D0
:100BD00041FA03FC10EB0C00C3F1200301FA03F10E
:100BE00000F0004302D5494260EB4000B0F5000F31
:100BF00013D3B0F1807F06D340084FEA310102F1F0
:100C00000102FE2A51D2B1F1004F40EBC25008BFA1
:100C100020F0010040EA03007047490040EB00006B
:100C2000013A28BFB0F5000FEDD2B0FA80FCACF16C
:100C3000080CB2EB0C0200FA0CF0AABF00EBC25099
:100C400052421843BCBFD0401843704792F0000F87
:100C500081F4000106BF80F400000132013BB5E7DA
:100C60004FEA41037FEA226C18BF7FEA236C21D050
:100C700092EA030F04D092F0000F08BF08467047B5
:100C800090EA010F1CBF0020704712F07F4F04D183
:100C9000400028BF40F00040704712F100723CBF96
:100CA00000F50000704700F0004343F0FE4040F4C0
:100CB000000070477FEA226216BF08467FEA23637E
:100CC0000146420206BF5FEA412390EA010F40F469
:100CD000800070474FF0000304E000BF10F00043B5
:100CE00048BF40425FEA000C08BF704743F096439C
:100CF00001464FF000001CE050EA010208BF7047B7
:100D00004FF000030AE000BF50EA010208BF70473D
:100D100011F0004302D5404261EB41015FEA010C52
:100D200002BF84460146002043F0B64308BFA3F14A
:100D30008053A3F50003BCFA8CF2083AA3EBC2532C
:100D400010DB01FA02FC634400FA02FCC2F120024B
:100D5000BCF1004F20FA02F243EB020008BF20F082
:100D60000100704702F1200201FA02FCC2F12002E8
:100D700050EA4C0021FA02F243EB020008BF20EADD
:100D8000DC7070474FF0FF0C1CEAD0521EBF1CEA0B
:100D9000D15392EA0C0F93EA0C0F6FD01A4480EAF9
:100DA000010C400218BF5FEA41211ED04FF00063E2
:100DB00043EA501043EA5111A0FB01310CF000400E
:100DC000B1F5000F3EBF490041EAD3715B0040EA34
:100DD000010062F17F02FD2A1DD8B3F1004F40EB04
:100DE000C25008BF20F00100704790F0000F0CF0D7
:100DF000004C08BF49024CEA502040EA51207F3A9B
:100E0000C2BFD2F1FF0340EAC250704740F4000075
:100E10004FF00003013A5DDC12F1190FDCBF00F066
:100E200000407047C2F10002410021FA02F1C2F114
:100E3000200200FA02FC5FEA310040F1000053EAB0
:100E40004C0308BF20EADC70704792F0000F00F0FE
:100E5000004C02BF400010F4000F013AF9D040EA04
:100E60000C0093F0000F01F0004C02BF490011F498
:100E7000000F013BF9D041EA0C018FE70CEAD15396
:100E800092EA0C0F18BF93EA0C0F0AD030F0004C16
:100E900018BF31F0004CD8D180EA010000F00040CA
:100EA000704790F0000F17BF90F0004F084691F088
:100EB000000F91F0004F14D092EA0C0F01D14202C2
:100EC0000FD193EA0C0F03D14B0218BF084608D18B
:100ED00080EA010000F0004040F0FE4040F40000D5
:100EE000704740F0FE4040F4400070474FF0FF0C68
:100EF0001CEAD0521EBF1CEAD15392EA0C0F93EAAF
:100F00000C0F69D0A2EB030280EA010C49024FEA00
:100F1000402037D04FF0805343EA111143EA1013B9
:100F20000CF000408B4238BF5B0042F17D024FF471
:100F3000000C8B4224BF5B1A40EA0C00B3EB510F4C
:100F400024BFA3EB510340EA5C00B3EB910F24BF35
:100F5000A3EB910340EA9C00B3EBD10F24BFA3EBBA
:100F6000D10340EADC001B0118BF5FEA1C1CE0D182
:100F7000FD2A3FF650AF8B4240EBC25008BF20F035
:100F8000010070470CF0004C4CEA50207F32C2BF89
:100F9000D2F1FF0340EAC250704740F400004FF026
:100FA0000003013A37E792F0000F00F0004C02BF57
:100FB000400010F4000F013AF9D040EA0C0093F021
:100FC000000F01F0004C02BF490011F4000F013B7B
:100FD000F9D041EA0C0195E70CEAD15392EA0C0FE3
:100FE00008D142027FF47DAF93EA0C0F7FF470AF1B
:100FF000084676E793EA0C0F04D14B023FF44CAF5E
:1010000008466EE730F0004C18BF31F0004CCAD1F2
:1010100030F000427FF45CAF31F000437FF43CAF2E
:101020005FE700BF4FF0FF3C06E000BF4FF0010C50
:1010300002E000BF4FF0010C4DF804CD4FEA400232
:101040004FEA41037FEA226C18BF7FEA236C11D07C
:1010500001B052EA530C18BF90EA010F58BFB2EB2F
:10106000030088BFC81738BF6FEAE17018BF40F0AF
:10107000010070477FEA226C02D15FEA402C05D163
:101080007FEA236CE4D15FEA412CE1D05DF8040BE8
:10109000704700BF844608466146FFE70FB5FFF77B
:1010A000C9FF002848BF10F1000F0FBD4DF808ED33
:1010B000FFF7F4FF0CBF012000205DF808FB00BF24
:1010C0004DF808EDFFF7EAFF34BF012000205DF87E
:1010D00008FB00BF4DF808EDFFF7E0FF94BF0120CB
:1010E00000205DF808FB00BF4DF808EDFFF7D2FFC8
:1010F00094BF012000205DF808FB00BF4DF808ED0B
:10110000FFF7C8FF34BF012000205DF808FB00BFD7
:101110004FEA4002B2F1FE4F0FD34FF09E03B3EB04
:1011200012620DD94FEA002343F0004310F0004F44
:1011300023FA02F018BF404270474FF0000070479A
:1011400012F1610F01D1420205D110F0004008BF39
:101150006FF0004070474FF00000704742000ED221
:10116000B2F1FE4F0BD34FF09E03B3EB126209D4E2
:101170004FEA002343F0004323FA02F070474FF098
:101180000000704712F1610F01D1420202D14FF00D
:10119000FF3070474FF00000704700BF38B50022A5
:1011A000002304460D46FFF709FC28B920462946CE
:1011B000BDE8384000F00AB8204605F1004100F0D3
:1011C00005F8404261EB410138BD00BFD0B50022B7
:1011D0000B4B06460F46FFF77FF9FFF755FC044619
:1011E000FFF700F90022074BFFF776F902460B469E
:1011F00030463946FEF7B8FFFFF746FC2146D0BD22
:101200000000F03D0000F04180B500AF8E4968203D
:1012100004F0FCFE8C4B1B88002B05D08A4B1B88EE
:101220004FF6FF72934202D1874B64221A80864B9D
:101230001A88864B9A808649642004F0E7FE844B26
:101240001B88002B05D0824B1B884FF6FF72934200
:1012500002D17F4B64221A807D4B1A887B4B5A80C7
:101260007C498C2004F0D2FE7A4B1B88002B05D0E1
:10127000784B1B884FF6FF72934203D1754B4FF4A6
:101280007A721A80734B1A88704B5A817249942073
:1012900004F0BCFE704B1B88002B05D06E4B1B88E6
:1012A0004FF6FF72934203D16B4B4FF47A721A8060
:1012B000694B1A88654B9A816849B42004F0A6FEF0
:1012C000664B1B88002B05D0644B1B884FF6FF72C2
:1012D000934203D1614B4FF47A721A805F4B1A88A4
:1012E0005A4B9A825E49B62004F090FE5C4B1B88F4
:1012F000002B05D05A4B1B884FF6FF72934203D147
:10130000574B4FF47A721A80554B1A884F4BDA823A
:101310005449B82004F07AFE524B1B88002B05D0AC
:10132000504B1B884FF6FF72934203D14D4B4FF445
:101330007A721A804B4B1A88444B1A834A49BA2056
:1013400004F064FE484B1B88002B05D0464B1B88DD
:101350004FF6FF72934203D1434B4FF47A721A80D7
:10136000414B1A88394B5A834049BC2004F04EFE49
:101370003E4B1B88002B05D03C4B1B884FF6FF7261
:10138000934203D1394B40F2DC521A80374B1A8812
:101390002E4B9A833649BE2004F038FE344B1B880E
:1013A000002B05D0324B1B884FF6FF72934203D1BE
:1013B0002F4B4FF4FA621A802D4B1A88234BDA8395
:1013C0002C49C02004F022FE2A4B1B88002B05D09C
:1013D000284B1B884FF6FF72934203D1254B4FF4E5
:1013E000FA621A80234B1A88184B1A842249C220A9
:1013F00004F00CFE204B1B88002B05D01E4B1B88D5
:101400004FF6FF72934203D11B4B4FF4FA621A80DE
:10141000194B1A880D4B5A841849C42004F0F6FD64
:10142000164B1B88002B05D0144B1B884FF6FF7200
:10143000934203D1114B4FF4FA621A800F4B1A8872
:10144000024B9A8400BF80BDF801002014020020E6
:10145000FA010020FC010020FE0100200002002013
:1014600002020020040200200602002008020020E0
:101470000A0200200C0200200E02002010020020B0
:1014800080B400AF00BFBD4680BC704780B500AFE0
:101490000C49502004F0BAFD0A4B1B88013B9BB25B
:1014A0007F2B02D9074B01221A80064B1A88064B64
:1014B0001A80044B1B88DBB2184605F0C3F800BF46
:1014C00080BD00BF3C0200201402002080B500AFA8
:1014D0001421134805F04AF9124B1B681846FFF710
:1014E0003DFE03469AB20E4BDA800F4BB3F9003043
:1014F0009AB20B4B1A810A4B1A880C4B1B889A42E2
:101500000BD0074B1A88094B1A80084B1B881946C9
:10151000502004F04FFD01F04EFA00BF80BD00BF27
:101520001402002058020020640200203C02002027
:1015300080B500AF4FF48053044A0549054805F0D3
:10154000D4F9044805F0EEF900BF80BD000C01405D
:10155000480300204002002090B583B000AF844BC8
:101560001C68844B1B881846FFF7B8FB03461946D6
:101570002046FFF7A5FD0346002B17D07D4B1B88A7
:101580001846FFF7ABFB0246794B1B68194610461D
:10159000FFF7EEFA034678491846FFF7E9FA0346E3
:1015A0001846FFF7B5FD03467B609EE2704B1C6852
:1015B000724B1B881846FFF791FB034619462046DD
:1015C000FFF77EFD0346002B3BD0694B1C68694B3F
:1015D0001B881846FFF782FB034619462046FFF793
:1015E00083FD0346002B2CD0614B1C68614B1B888C
:1015F0001846FFF773FB034619462046FFF7B8FA73
:1016000003465F491846FFF7BDFB03461C465B4B8C
:101610001B881A46574B1B88D31A1846FFF75EFBE8
:10162000034619462046FFF761FC03465549184614
:10163000FFF79EFA03461846FFF76AFD03467B60F4
:1016400053E24B4B1C68504B1B881846FFF746FB78
:10165000034619462046FFF733FD0346002B3BD0D7
:10166000434B1C68454B1B881846FFF737FB034666
:1016700019462046FFF738FD0346002B2CD03C4B83
:101680001C683E4B1B881846FFF728FB034619468B
:101690002046FFF76DFA034639491846FFF772FBFB
:1016A00003461C46384B1B881A46344B1B88D31AFA
:1016B0001846FFF713FB034619462046FFF716FCB2
:1016C000034632491846FFF753FA03461846FFF718
:1016D0001FFD03467B6008E2254B1C682C4B1B88D2
:1016E0001846FFF7FBFA034619462046FFF7E8FCC9
:1016F0000346002B50D01E4B1C68234B1B881846FA
:10170000FFF7ECFA034619462046FFF7EDFC0346C7
:10171000002B41D0164B1C681B4B1B881846FFF74B
:10172000DDFA034619462046FFF722FA034614491C
:101730001846FFF727FB03461C46154B1B881A4625
:10174000114B1B88D31A1846FFF7C8FA03461946EF
:101750002046FFF7CBFB03460E491846FFF708FA71
:1017600003461846FFF7D4FC03467B60BDE100BF8B
:10177000580200200002002000409C450202002088
:1017800000007A4400007A450402002000803B45B6
:10179000060200200000FA44934B1C68934B1B8800
:1017A0001846FFF79BFA034619462046FFF788FCC8
:1017B0000346002B3BD08C4B1C688D4B1B88184676
:1017C000FFF78CFA034619462046FFF78DFC0346C7
:1017D000002B2CD0844B1C68854B1B881846FFF7C8
:1017E0007DFA034619462046FFF7C2F903468149B0
:1017F0001846FFF7C7FA03461C467C4B1B881A465F
:101800007B4B1B88D31A1846FFF768FA0346194624
:101810002046FFF76BFB034676491846FFF7A8F909
:1018200003461846FFF774FC03467B605DE16E4B90
:101830001C686E4B1B881846FFF750FA0346194682
:101840002046FFF751FC0346002B36D0664B1C6840
:10185000694B1B881846FFF741FA03461946204694
:10186000FFF72EFC0346002B27D05F4B1C685F4B15
:101870001B881846FFF732FA034619462046FFF741
:1018800077F903465B491846FFF77CFA03461C4686
:10189000594B1B881A46554B1B88D31A1846FFF71D
:1018A0001DFA034619462046FFF720FB034618465B
:1018B000FFF72EFC03467B6017E14B4B1C684E4B39
:1018C0001B881846FFF70AFA034619462046FFF719
:1018D0000BFC0346002B3BD0434B1C68474B1B883B
:1018E0001846FFF7FBF9034619462046FFF7E8FBC9
:1018F0000346002B2CD03C4B1C683F4B1B881846E2
:10190000FFF7ECF9034619462046FFF731F9034685
:1019100038491846FFF736FA03461C46374B1B88F2
:101920001A46354B1B88D31A1846FFF7D7F90346DA
:1019300019462046FFF7DAFA03462E491846FFF704
:1019400019F903461846FFF7E3FB03467B60CCE03A
:10195000254B1C68294B1B881846FFF7BFF9034627
:1019600019462046FFF7C0FB0346002B4CD01E4B08
:101970001C68234B1B881846FFF7B0F9034619462D
:101980002046FFF79DFB0346002B3DD0164B1C68FD
:101990001A4B1B881846FFF7A1F903461946204643
:1019A000FFF7E6F8034613491846FFF7EBF903463D
:1019B0001C46134B1B881A46104B1B88D31A18461B
:1019C000FFF78CF9034619462046FFF78FFA0346C6
:1019D0000C491846FFF7CEF803461846FFF798FB68
:1019E00003467B6081E000BF58020020080200200F
:1019F0000602002000007A440A0200200C020020A7
:101A00000E0200200000FA444D4B1C684D4B1B8811
:101A10001846FFF763F9034619462046FFF764FBB3
:101A20000346002B3BD0464B1C68474B1B8818468F
:101A3000FFF754F9034619462046FFF741FB0346DA
:101A4000002B2CD03E4B1C683E4B1B881846FFF7E2
:101A500045F9034619462046FFF78AF803463B49F5
:101A60001846FFF78FF903461C46374B1B881A466A
:101A7000344B1B88D31A1846FFF730F90346194632
:101A80002046FFF733FA034631491846FFF772F84C
:101A900003461846FFF73CFB03467B6025E0284BD6
:101AA0001C68294B1B881846FFF718F9034619468E
:101AB0002046FFF719FB0346002B16D0204B1C686D
:101AC000214B1B881846FFF709F9034619462046A3
:101AD000FFF74EF803461F491846FFF74BF8034639
:101AE0001846FFF715FB03467B607B6803F58C53B4
:101AF00014331A461204D31A174A82FB0312121324
:101B0000DB17D31A154A13607B68154A934202DA31
:101B1000124B00221A607B6841F29412934203DD5B
:101B20000E4B4FF6FF721A600C4B1B689BB21946A6
:101B30000C4804F00BFF00BF0C37BD4690BD00BF42
:101B4000580200200E0200201002002000007A44FB
:101B500000803B4500007A456B298274000000201C
:101B60006CEEFFFF4002002090B583B000AF102361
:101B7000154A1649164804F08BFA0023FB711AE047
:101B8000FB791946124804F098FA0346BB80FA79AB
:101B900013469B0013449B000E4A9C18BB881846B2
:101BA000FFF798F803460C4A0C49204604F094F9D4
:101BB000FB790133FB71FB79012BE1D900BF00BF39
:101BC0000C37BD4690BD00BF00080140F002002068
:101BD0004C02002068020020000048426F12033BC4
:101BE00098B500AF00217E4804F067FA03461A4614
:101BF0007C4B1A807B4B1B881846FFF76BF803461B
:101C00001946794804F081F90346784A13600121A6
:101C1000734804F052FA03461A46724B5A80714BCD
:101C20005B881846FFF756F803461946704804F0DB
:101C30006CF903466D4A53606C4B1C686D4B1B88F6
:101C40001846FFF74BF8034619462046FFF738FAC7
:101C50000346002B3DD0654B1C68674B1B8818461C
:101C6000FFF73CF8034619462046FFF73DFA0346C6
:101C7000002B2ED05D4B1C685F4B1B881846FFF76E
:101C80002DF8034619462046FEF772FF03465B49CE
:101C90001846FFF777F803461C46564B1B881A4632
:101CA000554B1B88D31A1846FFF718F803461946F8
:101CB0002046FFF71BF9034650491846FEF758FF28
:101CC00003461846FFF724FA03461AB24C4B1A8013
:101CD00046E0464B1C68474B1B881846FEF7FEFF44
:101CE000034619462046FFF7FFF90346002B37D07D
:101CF0003E4B1C68434B1B881846FEF7EFFF03461C
:101D000019462046FFF7DCF90346002B28D0374B55
:101D10001C68384B1B881846FEF7E0FF034619463F
:101D20002046FEF725FF034634491846FFF72AF8F8
:101D300003461C46334B1B881A462E4B1B88D31A6E
:101D40001846FEF7CBFF034619462046FFF7CEF8AC
:101D500003461846FFF7DCF903461AB2284B1A80EF
:101D6000224B1C68244B1B881846FEF7B7FF03461E
:101D700019462046FFF7A4F90346002B0FD11B4B51
:101D80001C68204B1B881846FEF7A8FF034619461F
:101D90002046FFF7B3F90346002B00D11EE0134B9A
:101DA0001C68144B1B881846FEF798FF034619461B
:101DB0002046FEF7DDFE034613491846FEF7E2FF14
:101DC00003464FF08B411846FFF790F8034618463C
:101DD000FFF79EF903461AB2094B1A8000BF98BD5F
:101DE0004C020020600200206802002058020020FF
:101DF0007C0200200802002002020020000096431E
:101E0000640200200E0200200000614580B500AF92
:101E100000F058FC00F024F800F048F900F0AEF8AB
:101E200000F064F800F090F800F016F900F0DCF82B
:101E3000FFF7EAF9FFF72AFBFFF796FEFFF778FBBB
:101E4000064802F08EF8FFF741FBFFF7C9FEFFF7E7
:101E500083FBFFF715FB00BFF2E700BFE4020020A1
:101E600080B590B000AF07F1180328220021184672
:101E700005F01AFD3B1D00221A605A609A60DA6074
:101E80001A610923BB614FF48033FB6100233B627D
:101E90000123BB6201233B6302237B634FF4803346
:101EA000BB630023FB6307F11803184602F068F8D0
:101EB0000346002B01D000F05BF90F237B60022367
:101EC000BB609023FB6000233B614FF480637B6128
:101ED0003B1D0121184602F0D5FA0346002B01D024
:101EE00000F046F900BF4037BD4680BD80B500AF69
:101EF000124B134A1A60114B124A5A600F4B0022C0
:101F00009A600E4B0022DA600C4B4FF480421A614B
:101F10000A4B00225A61094B00229A61074B0022AA
:101F2000DA61064B00221A62044800F0A3FF034660
:101F3000002B01D000F01CF900BF80BD90020020F2
:101F400000540040A086010080B500AF094B0A4A4A
:101F50001A60084B00225A60064B40F6FF729A60E6
:101F6000044801F0BAFF0346002B01D000F000F94D
:101F700000BF80BDE40200200030004080B500AF0B
:101F8000174B184A1A60164B4FF482725A60144B62
:101F900000229A60124B0022DA60114B00221A6173
:101FA0000F4B00225A610E4B4FF400729A610C4B9A
:101FB0003822DA610A4B00221A62094B00225A6267
:101FC000074B00229A62064B0A22DA62044802F0AA
:101FD000E9FB0346002B01D000F0CAF800BF80BD2A
:101FE000F00200200030014080B500AF184B194AC4
:101FF0001A60174B4FF482725A60154B4FF400422F
:102000009A60134B0022DA60114B00221A61104BC8
:1020100001225A610E4B4FF400729A610C4B182248
:10202000DA610B4B00221A62094B00225A62084BFC
:1020300000229A62064B0A22DA62054802F0B2FBDD
:102040000346002B01D000F093F800BF80BD00BF15
:10205000480300200038004080B500AF114B124A01
:102060001A60104B4FF416525A600E4B00229A60C1
:102070000C4B0022DA600B4B00221A61094B0C2238
:102080005A61084B00229A61064B0022DA6105482A
:1020900003F0B7F80346002B01D000F069F800BF49
:1020A00080BD00BFA00300200038014080B588B08B
:1020B00000AF07F1100300221A605A609A60DA60DC
:1020C000284B9B69274A43F020039361254B9B696A
:1020D00003F02003FB60FB68224B9B69214A43F01D
:1020E000040393611F4B9B6903F00403BB60BB684F
:1020F0001C4B9B691B4A43F008039361194B9B6976
:1021000003F008037B607B6800224FF48871164857
:1021100000F098FE002241F20441144800F092FEC3
:102120004FF488733B6101237B610023BB61022371
:10213000FB6107F1100319460B4800F0FFFC41F268
:1021400004433B6101237B610023BB610223FB61EC
:1021500007F110031946054800F0F0FC00BF2037D6
:10216000BD4680BD0010024000080140000C014047
:1021700080B400AF72B600BF00BFFDE780B485B089
:1021800000AF154B9B69144A43F001039361124B56
:102190009B6903F00103BB60BB680F4BDB690E4A10
:1021A00043F08053D3610C4BDB6903F080537B60B9
:1021B0007B680A4B5B68FB60FB6823F0E063FB60B5
:1021C000FB6843F00073FB60044AFB68536000BF88
:1021D0001437BD4680BC704700100240000001402B
:1021E00080B58AB000AF786007F1140300221A604E
:1021F0005A609A60DA607B681B681D4A934232D14C
:102200001C4B9B691B4A43F008039361194B9B6964
:1022100003F008033B613B694FF440737B61122379
:10222000BB6103233B6207F114031946124800F017
:1022300085FC124B5B687B627B6A43F0E0637B62E8
:102240007B6A43F002037B620C4A7B6A5360094B52
:10225000DB69084A43F40013D361064BDB6903F4DE
:102260000013FB60FB6800BF2837BD4680BD00BF80
:102270000054004000100240000C014000000140EA
:1022800080B58AB000AF786007F1180300221A60A9
:102290005A609A60DA607B681B683F4A934244D177
:1022A0003E4B9B693D4A43F4805393613B4B9B6992
:1022B00003F480537B617B69384B9B69374A43F059
:1022C00004039361354B9B6903F004033B613B6955
:1022D0002023BB610223FB6103237B6207F1180308
:1022E00019462F4800F02AFC4023BB610023FB6104
:1022F00000233B6207F118031946294800F01EFC31
:102300008023BB610223FB6102237B6207F1180378
:102310001946234800F012FC00220021232000F07F
:1023200020FB232000F039FB31E07B681B681D4A4D
:1023300093422CD1194BDB69184A43F48043D36193
:10234000164BDB6903F48043FB60FB68134B9B690E
:10235000124A43F008039361104B9B6903F0080392
:10236000BB60BB684FF42043BB610223FB610323C6
:102370007B6207F1180319460B4800F0DFFB0022CF
:102380000021242000F0EDFA242000F006FB00BF1D
:102390002837BD4680BD00BF00300140001002401C
:1023A0000008014000380040000C014080B588B0B2
:1023B00000AF786007F1100300221A605A609A603B
:1023C000DA607B681B68204A934239D11F4B9B69B6
:1023D0001E4A43F4804393611C4B9B6903F4804382
:1023E000FB60FB68194B9B69184A43F00403936137
:1023F000164B9B6903F00403BB60BB684FF400738A
:102400003B6102237B610323FB6107F11003194643
:102410000F4800F093FB4FF480633B6100237B6126
:102420000023BB6107F110031946094800F086FB41
:1024300000220021252000F094FA252000F0ADFABA
:1024400000BF2037BD4680BD00380140001002406B
:102450000008014080B400AF00BFFDE780B400AFCA
:1024600000BFFDE780B400AF00BFFDE780B400AF60
:1024700000BFFDE780B400AF00BFFDE780B400AF50
:1024800000BFBD4680BC704780B400AF00BFBD46F2
:1024900080BC704780B400AF00BFBD4680BC7047B1
:1024A00080B500AF00F054F900BF80BD80B500AF2B
:1024B000024802F0E9FC00BF80BD00BFF00200202E
:1024C00080B500AF024802F0DFFC00BF80BD00BF56
:1024D0004803002080B500AF024802F093FF00BF20
:1024E00080BD00BFA003002080B400AF01231846C8
:1024F000BD4680BC704780B582B000AF786039605F
:1025000005F024FA034616221A604FF0FF331846EE
:102510000837BD4680BD80B582B000AF78604FF00F
:10252000FF317868FFF7E7FF00BFFDE780B586B0B1
:1025300000AFF860B9607A6000237B610AE0AFF316
:1025400000800146BB685A1CBA60CAB21A707B6927
:1025500001337B617A697B689A42F0DB7B681846BD
:102560001837BD4680BD80B586B000AFF860B96051
:102570007A6000237B6109E0BB685A1CBA601B7853
:102580001846AFF300807B6901337B617A697B6811
:102590009A42F1DB7B6818461837BD4680BD80B48F
:1025A00083B000AF78604FF0FF3318460C37BD465C
:1025B00080BC704780B483B000AF786039603B68FE
:1025C0004FF400525A60002318460C37BD4680BCB9
:1025D000704780B483B000AF7860012318460C3791
:1025E000BD4680BC704780B485B000AFF860B9606C
:1025F0007A60002318461437BD4680BC704700003F
:1026000080B586B000AF7860144A154BD31A7B6151
:102610007B693B61134B1B68002B02D1114B124AA3
:102620001A60104B1A687B6813443A699A4207D2C1
:1026300005F08CF903460C221A604FF0FF3309E0D5
:10264000084B1B68FB60074B1A687B681344054AFC
:102650001360FB6818461837BD4680BD0050002047
:1026600000040000E80300202806002080B400AF2A
:1026700000BFBD4680BC7047FFF7F8FF0B480C4910
:102680000C4A002302E0D458C4500433C4188C42CE
:10269000F9D3094A094C002301E013600432A24235
:1026A000FBD305F059F9FFF7B1FB7047000000209C
:1026B000DC010020E4B40008DC0100202806002032
:1026C000FEE7000080B500AF084B1B68074A43F0E7
:1026D00010031360032000F039F90F2000F008F810
:1026E000FFF74CFD0023184680BD00BF00200240CC
:1026F00080B582B000AF7860124B1A68124B1B781D
:1027000019464FF47A73B3FBF1F3B2FBF3F31846B7
:1027100000F055F90346002B01D001230EE07B6841
:102720000F2B0AD8002279684FF0FF3000F019F91A
:10273000064A7B681360002300E00123184608372F
:10274000BD4680BD040000200C00002008000020D1
:1027500080B400AF054B1B781A46054B1B68134429
:10276000034A136000BFBD4680BC70470C000020C8
:10277000EC03002080B400AF024B1B681846BD4636
:1027800080BC7047EC03002080B485B000AF786057
:102790007B6803F00703FB600C4BDB68BB60BA6827
:1027A0004FF6FF031340BB60FB681A02BB6813437C
:1027B00043F0BF6343F40033BB60044ABB68D3609B
:1027C00000BF1437BD4680BC704700BF00ED00E07D
:1027D00080B400AF044BDB681B0A03F00703184604
:1027E000BD4680BC704700BF00ED00E080B483B000
:1027F00000AF0346FB7197F90730002B0BDBFB7929
:1028000003F01F02064997F907305B09012000FA1F
:1028100002F241F8232000BF0C37BD4680BC704750
:1028200000E100E080B483B000AF03463960FB7183
:1028300097F90730002B0ADB3B68DAB20C4997F9AD
:1028400007301201D2B20B4483F800230AE03B6840
:10285000DAB20849FB7903F00F03043B1201D2B24C
:102860000B441A7600BF0C37BD4680BC704700BFD2
:1028700000E100E000ED00E080B489B000AFF86056
:10288000B9607A60FB6803F00703FB61FB69C3F181
:102890000703042B28BF0423BB61FB690433062B09
:1028A00002D9FB69033B00E000237B614FF0FF325C
:1028B000BB6902FA03F3DA43BB681A407B699A40AA
:1028C0004FF0FF317B6901FA03F3D9437B680B407A
:1028D000134318462437BD4680BC704780B400AF10
:1028E000BFF34F8F00BF064BDB6803F4E06204497F
:1028F000044B1343CB60BFF34F8F00BF00BFFDE716
:1029000000ED00E00400FA0580B582B000AF786009
:102910007B68013BB3F1807F01D301230FE00A4ABA
:102920007B68013B53600F214FF0FF30FFF77AFFC8
:10293000054B00229A60044B07221A6000231846B8
:102940000837BD4680BD00BF10E000E080B582B012
:1029500000AF78607868FFF717FF00BF0837BD4603
:1029600080BD80B586B000AF0346B9607A60FB7366
:1029700000237B61FFF72CFF78617A68B96878697A
:10298000FFF77AFF024697F90F3011461846FFF716
:1029900049FF00BF1837BD4680BD80B582B000AF8B
:1029A0000346FB7197F907301846FFF71FFF00BF7A
:1029B0000837BD4680BD80B500AFFFF78FFF80B5FB
:1029C00082B000AF78607868FFF79EFF0346184634
:1029D0000837BD4680BD80B485B000AF7860002365
:1029E000FB737B6893F82130DBB2022B08D07B6845
:1029F00004229A637B68002283F82020012320E0D0
:102A00007B681B681A687B681B6822F00E021A60DC
:102A10007B681B681A687B681B6822F001021A60D9
:102A20007B681A6C7B68DB6B012101FA02F25A6049
:102A30007B68012283F821207B68002283F8202014
:102A4000FB7B18461437BD4680BC704780B584B008
:102A500000AF78600023FB737B6893F82130DBB212
:102A6000022B05D07B6804229A630123FB7351E09B
:102A70007B681B681A687B681B6822F00E021A606C
:102A80007B681B681A687B681B6822F001021A6069
:102A90007B681B68224A934229D07B681B68214AC5
:102AA000934222D07B681B681F4A93421AD07B68EE
:102AB0001B681E4A934212D07B681B681C4A9342D3
:102AC0000AD07B681B681B4A934202D14FF48013E3
:102AD0000EE04FF080730BE04FF4803308E04FF4CA
:102AE000805305E04FF4807302E0102300E00123DF
:102AF000114A53607B68012283F821207B68002201
:102B000083F820207B685B6B002B03D07B685B6BBA
:102B100078689847FB7B18461037BD4680BD00BFDC
:102B2000080002401C000240300002404400024005
:102B3000580002406C0002400000024080B48BB09C
:102B400000AF7860396000237B6200233B6269E15B
:102B500001227B6A02FA03F3FB613B681B68FA6996
:102B60001340BB61BA69FB699A4240F058813B68E7
:102B70005B689A4A93425ED0984A934275D8984AC5
:102B8000934258D0964A93426FD8964A934252D075
:102B9000944A934269D8944A93424CD0924A9342C1
:102BA00063D8924A934246D0904A93425DD8122B02
:102BB0002AD8122B59D801A252F823F0372C00083A
:102BC000112C0008232C0008652C00086B2C000831
:102BD0006B2C00086B2C00086B2C00086B2C000879
:102BE0006B2C00086B2C00086B2C00086B2C000869
:102BF0006B2C00086B2C00086B2C00086B2C000859
:102C0000192C00082D2C0008794A934213D02CE08F
:102C10003B68DB683B6229E03B68DB6804333B626E
:102C200024E03B68DB6808333B621FE03B68DB68FD
:102C30000C333B621AE03B689B68002B02D10423F3
:102C40003B6213E03B689B68012B05D108233B6284
:102C50007B68FA691A6109E008233B627B68FA69BC
:102C60005A6103E000233B6200E000BFBB69FF2B19
:102C700001D87B6801E07B6804337B61BB69FF2B73
:102C800002D87B6A9B0002E07B6A083B9B003B61A9
:102C90007B691A680F213B6901FA03F3DB431A4091
:102CA000396A3B6901FA03F31A437B691A603B688E
:102CB0005B6803F08053002B00F0B1804D4B9B69A3
:102CC0004C4A43F0010393614A4B9B6903F00103B3
:102CD000BB60BB68484A7B6A9B08023352F82330CA
:102CE000FB607B6A03F003039B000F2202FA03F3ED
:102CF000DB43FA681340FB607B68404A934213D081
:102D00007B683F4A93420DD07B683E4A934207D08E
:102D10007B683D4A934201D1032306E0042304E08B
:102D2000022302E0012300E000237A6A02F003029A
:102D300092009340FA681343FB602F497B6A9B081B
:102D40000233FA6841F823203B685B6803F4801380
:102D5000002B06D02D4B9A682C49BB6913438B601E
:102D600006E02A4B9A68BB69DB43284913408B6015
:102D70003B685B6803F40013002B06D0234BDA6832
:102D80002249BB691343CB6006E0204BDA68BB697C
:102D9000DB431E491340CB603B685B6803F40033A0
:102DA000002B06D0194B5A681849BB6913434B6076
:102DB00006E0164B5A68BB69DB43144913404B606D
:102DC0003B685B6803F48033002B21D00F4B1A68FB
:102DD0000E49BB6913430B6021E000BF00003210B5
:102DE000000031100000221000002110000012101D
:102DF00000001110001002400000014000080140D6
:102E0000000C01400010014000140140000401408A
:102E10000B4B1A68BB69DB43094913400B607B6AA3
:102E200001337B623B681A687B6A22FA03F3002B4A
:102E30007FF48EAE00BF00BF2C37BD4680BC70470C
:102E40000004014080B483B000AF78600B467B8003
:102E500013467B707B78002B03D07A887B681A61DD
:102E600003E07B881A047B681A6100BF0C37BD46FB
:102E700080BC704780B584B000AF78607B68002B61
:102E800001D101232BE17B6893F83D30DBB2002BAD
:102E900006D17B68002283F83C207868FFF7A0F910
:102EA0007B68242283F83D207B681B681A687B6856
:102EB0001B6822F001021A607B681B681A687B6835
:102EC0001B6842F400421A607B681B681A687B68C2
:102ED0001B6822F400421A6001F01EFCF8607B6857
:102EE0005B68814A934207D8FB68804A934294BF4B
:102EF00001230023DBB206E0FB687D4A934294BFC6
:102F000001230023DBB2002B01D00123E7E0FB68A3
:102F1000784AA2FB03239B0CBB607B681B685B6841
:102F200023F03F017B681B68BA680A435A607B68DC
:102F30001B681B6A23F03F017B685B686A4A934207
:102F400002D8BB68013309E0BB684FF4967202FBFC
:102F500003F3694AA2FB03239B0901337A681268D1
:102F60000B4313627B681B68DB6923F44F4222F03A
:102F7000FF027B685B685C498B4219D8FB68591E6D
:102F80007B685B685B00B1FBF3F3591C40F6FC7394
:102F90000B40002B0AD0FB68591E7B685B685B0006
:102FA000B1FBF3F30133C3F30B0351E004234FE010
:102FB0007B689B68002B11D1FB68581E7B685968A1
:102FC0000B465B000B44B0FBF3F30133C3F30B037D
:102FD000002B0CBF01230023DBB212E0FB68581E5C
:102FE0007B6859680B469B000B4499000B44B0FB6F
:102FF000F3F30133C3F30B03002B0CBF01230023B6
:10300000DBB2002B01D0012322E07B689B68002B00
:103010000ED1FB68581E7B6859680B465B000B4459
:10302000B0FBF3F30133C3F30B0343F400430FE0AE
:10303000FB68581E7B6859680B469B000B4499003F
:103040000B44B0FBF3F30133C3F30B0343F44043EE
:10305000796809681343CB617B681B681B6823F0A0
:10306000C0017B68DA697B681B6A1A437B681B684E
:103070000A431A607B681B689B6823F4034323F0B0
:10308000FF037A6811697A68D26811437A68126816
:103090000B4393607B681B68DB6823F0FF017B6850
:1030A0005A697B689B691A437B681B680A43DA602C
:1030B0007B681B681A687B681B6842F001021A6013
:1030C0007B6800221A647B68202283F83D207B689D
:1030D00000221A637B68002283F83E2000231846F2
:1030E0001037BD4680BD00BFA08601007F841E0052
:1030F000FF083D0083DE1B43D34D621080B588B0CE
:1031000002AFF8607A601A460B467B8113463B811A
:10311000FFF730FB7861FB6893F83D30DBB2202B82
:1031200040F0E0807B690093192301227049F86820
:1031300000F09EFC0346002B01D00223D3E0FB6885
:1031400093F83C30012B01D10223CCE0FB68012233
:1031500083F83C20FB681B681B6803F00103012B0C
:1031600007D0FB681B681A68FB681B6842F0010205
:103170001A60FB681B681A68FB681B6822F400620F
:103180001A60FB68212283F83D20FB68102283F837
:103190003E20FB6800221A64FB687A685A62FB686A
:1031A0003A895A85FB685B8D9AB2FB681A85FB6881
:1031B000504ADA6279897B693A6AF86800F008FB5C
:1031C0000346002B01D001238DE000233B61FB6807
:1031D0001B685B693B61FB681B689B693B613B69E2
:1031E00066E07A69396AF86800F05CFD0346002BF6
:1031F0000DD0FB681B6C042B07D1FB681B681A6899
:10320000FB681B6842F400721A6001236BE0FB68E4
:103210005B6A1A78FB681B681A61FB685B6A5A1C58
:10322000FB685A62FB685B8D9BB2013B9AB2FB68FC
:103230005A85FB681B8D013B9AB2FB681A85FB68B7
:103240001B685B6903F00403042B1BD1FB681B8D17
:10325000002B17D0FB685B6A1A78FB681B681A6141
:10326000FB685B6A5A1CFB685A62FB685B8D9BB209
:10327000013B9AB2FB685A85FB681B8D013B9AB2F1
:10328000FB681A857A69396AF86800F053FD0346CD
:10329000002B0DD0FB681B6C042B07D1FB681B684F
:1032A0001A68FB681B6842F400721A6001231AE076
:1032B000FB681B8D002B94D1FB681B681A68FB68A8
:1032C0001B6842F400721A60FB68202283F83D20DC
:1032D000FB68002283F83E20FB68002283F83C2034
:1032E000002300E0022318461837BD4680BD00BF0A
:1032F000020010000000FFFF80B58CB002AFF86044
:103300007A601A460B467B8113463B8100233B6261
:10331000FFF730FA7862FB6893F83D30DBB2202B80
:1033200040F04B827B6A0093192301227F49F868A1
:1033300000F09EFB0346002B01D002233EE2FB6817
:1033400093F83C30012B01D1022337E2FB680122C4
:1033500083F83C20FB681B681B6803F00103012B0A
:1033600007D0FB681B681A68FB681B6842F0010203
:103370001A60FB681B681A68FB681B6822F400620D
:103380001A60FB68222283F83D20FB68102283F834
:103390003E20FB6800221A64FB687A685A62FB6868
:1033A0003A895A85FB685B8D9AB2FB681A85FB687F
:1033B0005F4ADA6279897B6A3A6BF86800F08AFAC8
:1033C0000346002B01D00123F8E1FB681B8D002B85
:1033D00013D10023FB61FB681B685B69FB61FB6821
:1033E0001B689B69FB61FB69FB681B681A68FB68CB
:1033F0001B6842F400721A60CCE1FB681B8D012B44
:103400001ED1FB681B681A68FB681B6822F4806287
:103410001A6072B600BF0023BB61FB681B685B6962
:10342000BB61FB681B689B69BB61BB69FB681B6870
:103430001A68FB681B6842F400721A6062B635E0D5
:10344000FB681B8D022B1ED1FB681B681A68FB688A
:103450001B6842F400621A6072B600BF00237B61F1
:10346000FB681B685B697B61FB681B689B697B6110
:103470007B69FB681B681A68FB681B6822F4806222
:103480001A6062B612E0FB681B681A68FB681B686A
:1034900042F480621A6000233B61FB681B685B6931
:1034A0003B61FB681B689B693B613B6972E1FB68A0
:1034B0001B8D032B00F21F81FB681B8D012B23D179
:1034C0007A6A396BF86800F07DFC0346002B01D066
:1034D000012373E1FB681B681A69FB685B6AD2B25F
:1034E0001A70FB685B6A5A1CFB685A62FB681B8D8A
:1034F000013B9AB2FB681A85FB685B8D9BB2013B6E
:103500009AB2FB685A8545E1FB681B8D022B52D1AC
:103510007B6A00933B6B00220649F86800F0A8FA2A
:103520000346002B08D0012348E100BF0200100031
:103530000000FFFF0400010072B600BFFB681B68BB
:103540001A68FB681B6842F400721A60FB681B680B
:103550001A69FB685B6AD2B21A70FB685B6A5A1C14
:10356000FB685A62FB681B8D013B9AB2FB681A85A7
:10357000FB685B8D9BB2013B9AB2FB685A8562B6D1
:1035800000BFFB681B681A69FB685B6AD2B21A70DD
:10359000FB685B6A5A1CFB685A62FB681B8D013B27
:1035A0009AB2FB681A85FB685B8D9BB2013B9AB2AD
:1035B000FB685A85EEE07B6A00933B6B00228149F1
:1035C000F86800F055FA0346002B01D00123F5E01E
:1035D000FB681B681A68FB681B6822F480621A602B
:1035E00072B600BFFB681B681A69FB685B6AD2B2DF
:1035F0001A70FB685B6A5A1CFB685A62FB681B8D79
:10360000013B9AB2FB681A85FB685B8D9BB2013B5C
:103610009AB2FB685A856C4B1B68DB086B4AA2FBAD
:1036200003231A0A13469B001344DA00D31A3B62A1
:103630003B6A013B3B623B6A002B18D1FB680022CE
:103640001A63FB68202283F83D20FB68002283F880
:103650003E20FB681B6C43F02002FB681A6462B6D4
:1036600000BFFB68002283F83C200123A6E0FB6832
:103670001B685B6903F00403042BD9D1FB681B684A
:103680001A68FB681B6842F400721A60FB681B68CA
:103690001A69FB685B6AD2B21A70FB685B6A5A1CD3
:1036A000FB685A62FB681B8D013B9AB2FB681A8566
:1036B000FB685B8D9BB2013B9AB2FB685A8562B690
:1036C00000BFFB681B681A69FB685B6AD2B21A709C
:1036D000FB685B6A5A1CFB685A62FB681B8D013BE6
:1036E0009AB2FB681A85FB685B8D9BB2013B9AB26C
:1036F000FB685A854EE07A6A396BF86800F062FB25
:103700000346002B01D0012358E0FB681B681A69AF
:10371000FB685B6AD2B21A70FB685B6A5A1CFB6872
:103720005A62FB681B8D013B9AB2FB681A85FB68E5
:103730005B8D9BB2013B9AB2FB685A85FB681B68A4
:103740005B6903F00403042B24D1FB681B8D032B5E
:1037500007D1FB681B681A68FB681B6822F480624B
:103760001A60FB681B681A69FB685B6AD2B21A7040
:10377000FB685B6A5A1CFB685A62FB681B8D013B45
:103780009AB2FB681A85FB685B8D9BB2013B9AB2CB
:10379000FB685A85FB681B8D002B7FF488AEFB68A5
:1037A000202283F83D20FB68002283F83E20FB683E
:1037B000002283F83C20002300E00223184628372B
:1037C000BD4680BD040001000400002089B5F81446
:1037D00080B588B002AFF8607A603B600B467B81B1
:1037E000FB68DB6A7B617B69082B06D07B69012B58
:1037F00003D07B6913F5803F08D1FB681B681A680A
:10380000FB681B6842F480721A600BE0FB681B6B5C
:10381000122B07D1FB681B681A68FB681B6842F40F
:1038200080721A603B6800937B6800224FF00111A0
:10383000F86800F01DF90346002B0DD0FB681B68EB
:103840001B6803F48073B3F5807F03D1FB684FF4EA
:1038500000721A64032335E0FB681B69B3F5804FDF
:1038600008D17B89DBB21A46FB681B6802F0FE02B6
:103870001A611BE07B89DB11DBB203F00603DBB2CC
:1038800063F00F03DAB2FB681B681A613B687A6861
:103890000E49F86800F066F90346002B01D00123B9
:1038A00010E07B89DAB2FB681B681A613B687A68B2
:1038B0000749F86800F056F90346002B01D00123B0
:1038C00000E0002318461837BD4680BD08000100FF
:1038D0000200010080B588B002AFF8607A603B60FA
:1038E0000B467B81FB68DB6A7B61FB681B681A689F
:1038F000FB681B6842F480621A607B69082B06D063
:103900007B69012B03D07B6913F5803F08D1FB68ED
:103910001B681A68FB681B6842F480721A600BE02F
:10392000FB681B6B112B07D1FB681B681A68FB68CF
:103930001B6842F480721A603B6800937B68002227
:103940004FF00111F86800F093F80346002B0DD0FA
:10395000FB681B681B6803F48073B3F5807F03D199
:10396000FB684FF400721A64032379E0FB681B695B
:10397000B3F5804F08D17B89DBB243F00103DAB2A3
:10398000FB681B681A615FE07B89DB11DBB203F027
:103990000603DBB263F00F03DAB2FB681B681A613F
:1039A0003B687A683049F86800F0DCF80346002B81
:1039B00001D0012354E07B89DAB2FB681B681A61ED
:1039C0003B687A682949F86800F0CCF80346002B78
:1039D00001D0012344E000233B61FB681B685B6965
:1039E0003B61FB681B689B693B613B69FB681B682B
:1039F0001A68FB681B6842F480721A603B68009387
:103A00007B6800224FF00111F86800F031F803469E
:103A1000002B0DD0FB681B681B6803F48073B3F5A3
:103A2000807F03D1FB684FF400721A64032317E010
:103A30007B89DB11DBB203F00603DBB263F00E031C
:103A4000DAB2FB681B681A613B687A680749F86854
:103A500000F088F80346002B01D0012300E000238A
:103A600018461837BD4680BD08000100020001005D
:103A700080B584B000AFF860B9603B601346FB715D
:103A800048E03B68B3F1FF3F44D0FEF773FE0246C7
:103A9000BB69D31A3A689A4202D33B68002B39D1EA
:103AA000BB681B0CDBB2012B0DD1FB681B685B698B
:103AB000DA43BB6813409BB2002B0CBF01230023E9
:103AC000DBB21A460CE0FB681B689B69DA43BB68F3
:103AD00013409BB2002B0CBF01230023DBB21A461C
:103AE000FB799A4216D1FB6800221A63FB682022F8
:103AF00083F83D20FB68002283F83E20FB681B6CA6
:103B000043F02002FB681A64FB68002283F83C2023
:103B1000012323E0BB681B0CDBB2012B0DD1FB683A
:103B20001B685B69DA43BB6813409BB2002B0CBF78
:103B300001230023DBB21A460CE0FB681B689B697B
:103B4000DA43BB6813409BB2002B0CBF0123002358
:103B5000DBB21A46FB799A4293D0002318461037FD
:103B6000BD4680BD80B584B000AFF860B9607A60B2
:103B70003B6071E0FB681B685B6903F48063B3F52D
:103B8000806F23D1FB681B681A68FB681B6842F4CE
:103B900000721A60FB681B686FF480625A61FB68F0
:103BA00000221A63FB68202283F83D20FB68002274
:103BB00083F83E20FB681B6C43F00402FB681A6428
:103BC000FB68002283F83C20012367E07B68B3F1A7
:103BD000FF3F41D0FEF7CEFD02463B68D31A7A681C
:103BE0009A4202D37B68002B36D1BB681B0CDBB238
:103BF000012B0CD1FB681B685B69DA43BB6813407F
:103C00009BB2002B14BF01230023DBB20BE0FB6847
:103C10001B689B69DA43BB6813409BB2002B14BF3F
:103C200001230023DBB2002B16D0FB6800221A63AD
:103C3000FB68202283F83D20FB68002283F83E20A9
:103C4000FB681B6C43F02002FB681A64FB680022CF
:103C500083F83C20012321E0BB681B0CDBB2012B65
:103C60000CD1FB681B685B69DA43BB6813409BB2ED
:103C7000002B14BF01230023DBB20BE0FB681B68A1
:103C80009B69DA43BB6813409BB2002B14BF01232E
:103C90000023DBB2002B7FF46DAF002318461037F2
:103CA000BD4680BD80B584B000AFF860B9607A6071
:103CB00034E0F86800F0E3F80346002B01D001235C
:103CC00034E0BB68B3F1FF3F28D0FEF753FD024656
:103CD0007B68D31ABA689A4202D3BB68002B1DD105
:103CE000FB681B685B6903F08003802B16D0FB68C0
:103CF00000221A63FB68202283F83D20FB68002223
:103D000083F83E20FB681B6C43F02002FB681A64BA
:103D1000FB68002283F83C20012307E0FB681B6856
:103D20005B6903F08003802BC3D100231846103752
:103D3000BD4680BD80B584B000AFF860B9607A60E0
:103D400034E0F86800F09BF80346002B01D0012313
:103D500034E0BB68B3F1FF3F28D0FEF70BFD02460D
:103D60007B68D31ABA689A4202D3BB68002B1DD174
:103D7000FB681B685B6903F00403042B16D0FB6827
:103D800000221A63FB68202283F83D20FB68002292
:103D900083F83E20FB681B6C43F02002FB681A642A
:103DA000FB68002283F83C20012307E0FB681B68C6
:103DB0005B6903F00403042BC3D1002318461037BA
:103DC000BD4680BD80B584B000AFF860B9607A6050
:103DD00049E0FB681B685B6903F01003102B19D1E5
:103DE000FB681B686FF010025A61FB6800221A63BF
:103DF000FB68202283F83D20FB68002283F83E20E8
:103E0000FB681A6CFB681A64FB68002283F83C208C
:103E1000012330E0FEF7AEFC02467B68D31ABA6895
:103E20009A4202D3BB68002B1DD1FB681B685B69FB
:103E300003F04003402B16D0FB6800221A63FB6896
:103E4000202283F83D20FB68002283F83E20FB6897
:103E50001B6C43F02002FB681A64FB68002283F8A5
:103E60003C20012307E0FB681B685B6903F040030B
:103E7000402BAED1002318461037BD4680BD80B41C
:103E800083B000AF78607B681B685B6903F4806374
:103E9000B3F5806F1BD17B681B686FF480625A6139
:103EA0007B6800221A637B68202283F83D207B68B0
:103EB000002283F83E207B681B6C43F004027B6881
:103EC0001A647B68002283F83C20012300E0002371
:103ED00018460C37BD4680BC704780B584B000AF33
:103EE00078607B68002B01D1012336E07B681B687A
:103EF0004CF6CC421A607B681B6845F255521A603A
:103F00007B681B687A6852685A607B681B687A68AD
:103F100092689A60FEF72EFCF86011E0FEF72AFC2A
:103F20000246FB68D31A41F23C32934208D97B68BF
:103F30001B68DB6803F00303002B01D003230CE0B4
:103F40007B681B68DB6803F00303002BE6D17B680A
:103F50001B684AF6AA221A60002318461037BD468D
:103F600080BD80B483B000AF78607B681B684AF680
:103F7000AA221A60002318460C37BD4680BC704741
:103F800080B586B000AF78607B68002B01D101233B
:103F900072E27B681B6803F00103002B00F087804E
:103FA000924B5B6803F00C03042B0CD08F4B5B68C7
:103FB00003F00C03082B12D18C4B5B6803F48033A5
:103FC000B3F5803F0BD1894B1B6803F40033002B02
:103FD0006CD07B685B68002B68D101234CE27B6866
:103FE0005B68B3F5803F06D1804B1B687F4A43F482
:103FF000803313602EE07B685B68002B0CD17B4B19
:104000001B687A4A23F480331360784B1B68774A25
:1040100023F4802313601DE07B685B68B3F5A02F59
:104020000CD1724B1B68714A43F4802313606F4BB1
:104030001B686E4A43F4803313600BE06B4B1B68C4
:104040006A4A23F480331360684B1B68674A23F481
:10405000802313607B685B68002B13D0FEF78AFB1C
:10406000386108E0FEF786FB02463B69D31A642BF1
:1040700001D9032300E25D4B1B6803F40033002BDE
:10408000F0D014E0FEF776FB386108E0FEF772FB33
:1040900002463B69D31A642B01D90323ECE1534B4D
:1040A0001B6803F40033002BF0D100E000BF7B68F5
:1040B0001B6803F00203002B63D04C4B5B6803F0DA
:1040C0000C03002B0BD0494B5B6803F00C03082B4F
:1040D0001CD1464B5B6803F48033002B16D1434B55
:1040E0001B6803F00203002B05D07B681B69012BC2
:1040F00001D00123C0E13D4B1B6823F0F8027B682F
:104100005B69DB00394913430B603AE07B681B694C
:10411000002B20D0364B01221A60FEF72BFB3861B2
:1041200008E0FEF727FB02463B69D31A022B01D9B0
:104130000323A1E12D4B1B6803F00203002BF0D0F9
:104140002A4B1B6823F0F8027B685B69DB00274978
:1041500013430B6015E0264B00221A60FEF70AFBA2
:10416000386108E0FEF706FB02463B69D31A022BD2
:1041700001D9032380E11D4B1B6803F00203002BD0
:10418000F0D17B681B6803F00803002B3AD07B68F2
:104190009B69002B19D0174B01221A60FEF7EAFA2F
:1041A000386108E0FEF7E6FA02463B69D31A022BB3
:1041B00001D9032360E10D4B5B6A03F00203002B7E
:1041C000F0D0012000F0D0FA1CE00A4B00221A6067
:1041D000FEF7D0FA38610FE0FEF7CCFA02463B69F1
:1041E000D31A022B08D9032346E100BF0010024076
:1041F0000000424280044242924B5B6A03F0020399
:10420000002BE9D17B681B6803F00403002B00F04E
:10421000A6800023FB758B4BDB6903F08053002BDA
:104220000DD1884BDB69874A43F08053D361854BBE
:10423000DB6903F08053BB60BB680123FB75824BD5
:104240001B6803F48073002B18D17F4B1B687E4AD8
:1042500043F480731360FEF78DFA386108E0FEF7CF
:1042600089FA02463B69D31A642B01D9032303E17F
:10427000754B1B6803F48073002BF0D07B68DB6800
:10428000012B06D16F4B1B6A6E4A43F00103136288
:104290002DE07B68DB68002B0CD16A4B1B6A694AF6
:1042A00023F001031362674B1B6A664A23F0040381
:1042B00013621CE07B68DB68052B0CD1614B1B6A29
:1042C000604A43F0040313625E4B1B6A5D4A43F08D
:1042D000010313620BE05B4B1B6A5A4A23F0010394
:1042E0001362584B1B6A574A23F0040313627B681E
:1042F000DB68002B15D0FEF73DFA38610AE0FEF7C7
:1043000039FA02463B69D31A41F28832934201D905
:104310000323B1E04B4B1B6A03F00203002BEED0EA
:1043200014E0FEF727FA38610AE0FEF723FA0246A6
:104330003B69D31A41F28832934201D903239BE0AF
:10434000404B1B6A03F00203002BEED1FB7D012BD7
:1043500005D13C4BDB693B4A23F08053D3617B683A
:10436000DB69002B00F08780364B5B6803F00C03A1
:10437000082B61D07B68DB69022B46D1334B0022CE
:104380001A60FEF7F7F9386108E0FEF7F3F9024624
:104390003B69D31A022B01D903236DE0294B1B681B
:1043A00003F00073002BF0D17B681B6AB3F5803FEC
:1043B00008D1244B5B6823F400327B689B68214959
:1043C00013434B601F4B5B6823F474127B68196ABC
:1043D0007B685B6A0B431B4913434B601B4B0122F9
:1043E0001A60FEF7C7F9386108E0FEF7C3F9024624
:1043F0003B69D31A022B01D903233DE0114B1B6803
:1044000003F00073002BF0D035E0104B00221A604F
:10441000FEF7B0F9386108E0FEF7ACF902463B69F7
:10442000D31A022B01D9032326E0064B1B6803F0A5
:104430000073002BF0D11EE07B68DB69012B07D1F4
:10444000012319E000100240007000406000424269
:104450000B4B5B68FB60FB6803F480327B681B6A74
:104460009A4206D1FB6803F470127B685B6A9A4239
:1044700001D0012300E0002318461837BD4680BD57
:104480000010024080B584B000AF786039607B686E
:10449000002B01D10123D0E06A4B1B6803F0070316
:1044A0003A689A4210D9674B1B6823F007026549A6
:1044B0003B6813430B60634B1B6803F007033A68C8
:1044C0009A4201D00123B8E07B681B6803F0020325
:1044D000002B20D07B681B6803F00403002B05D061
:1044E000594B5B68584A43F4E06353607B681B6830
:1044F00003F00803002B05D0534B5B68524A43F48A
:1045000060535360504B5B6823F0F0027B689B68FC
:104510004D4913434B607B681B6803F00103002B7C
:1045200040D07B685B68012B07D1474B1B6803F4C5
:104530000033002B15D101237FE07B685B68022BE1
:1045400007D1414B1B6803F00073002B09D10123F5
:1045500073E03D4B1B6803F00203002B01D10123E4
:104560006BE0394B5B6823F003027B685B6836497C
:1045700013434B60FEF7FEF8F8600AE0FEF7FAF826
:104580000246FB68D31A41F28832934201D90323D1
:1045900053E02D4B5B6803F00C027B685B689B006B
:1045A0009A42EBD1274B1B6803F007033A689A4203
:1045B00010D2244B1B6823F0070222493B681343A7
:1045C0000B60204B1B6803F007033A689A4201D046
:1045D000012332E07B681B6803F00403002B08D042
:1045E000194B5B6823F4E0627B68DB681649134370
:1045F0004B607B681B6803F00803002B09D0124B4B
:104600005B6823F460527B681B69DB000E4913432F
:104610004B6000F021F802460B4B5B681B0903F06E
:104620000F030A49CB5C22FA03F3094A1360094BD2
:104630001B681846FEF75CF8002318461037BD4685
:1046400080BD00BF002002400010024078B000088A
:10465000040000200800002080B487B000AF0023D1
:10466000FB600023BB6000237B6100237B60002391
:104670003B611E4B5B68FB60FB6803F00C03042B83
:1046800002D0082B03D027E0194B3B6127E0FB68E1
:104690009B0C03F00F03174AD35C7B60FB6803F4A9
:1046A0008033002B10D0114B5B685B0C03F00103CF
:1046B000114AD35CBB607B680D4A03FB02F2BB6806
:1046C000B2FBF3F37B6104E07B680C4A02FB03F36B
:1046D0007B617B693B6102E0094B3B6100BF3B6949
:1046E00018461C37BD4680BC704700BF0010024012
:1046F0000024F40090B00008A0B0000800093D00BC
:1047000000127A0080B400AF024B1B681846BD4609
:1047100080BC70470400002080B500AFFFF7F2FFB7
:104720000246054B5B681B0A03F007030349CB5C99
:1047300022FA03F3184680BD0010024088B000083A
:1047400080B500AFFFF7DEFF0246054B5B68DB0A72
:1047500003F007030349CB5C22FA03F3184680BD3C
:104760000010024088B0000880B485B000AF7860C7
:104770000A4B1B680A4AA2FB03235B0A7A6802FB06
:1047800003F3FB6000BFFB685A1EFA60002BF9D1EF
:1047900000BF00BF1437BD4680BC70470400002036
:1047A000D34D621080B582B000AF78607B68002B7B
:1047B00001D1012376E07B685B6A002B08D17B681E
:1047C0005B68B3F5827F09D07B680022DA6105E07F
:1047D0007B6800221A617B6800225A617B68002294
:1047E0009A627B6893F85130DBB2002B06D17B686C
:1047F000002283F850207868FDF742FD7B68022292
:1048000083F851207B681B681A687B681B6822F05C
:1048100040021A607B685B6803F482727B689B6865
:1048200003F404431A437B68DB6803F400631A4310
:104830007B681B6903F002031A437B685B6903F022
:1048400001031A437B689B6903F400731A437B6876
:10485000DB6903F038031A437B681B6A03F08003AB
:1048600042EA03017B689B6A03F400527B681B6881
:104870000A431A607B689B691A0C7B681B6802F00C
:1048800004025A607B681B68DA697B681B6822F443
:104890000062DA617B6800225A657B68012283F836
:1048A0005120002318460837BD4680BD80B588B02A
:1048B00000AFF860B9603B601346FB80FDF75AFF1C
:1048C000F861FB887B83FB6893F85130DBB2012BE6
:1048D00001D002232AE1BB68002B02D0FB88002B09
:1048E00001D1012322E1FB6893F85030012B01D163
:1048F00002231BE1FB68012283F85020FB6803229E
:1049000083F85120FB6800225A65FB68BA681A6375
:10491000FB68FA889A86FB68FA88DA86FB680022C8
:104920009A63FB6800229A87FB680022DA87FB689B
:1049300000225A64FB6800221A64FB689B68B3F586
:10494000004F0FD1FB681B681A68FB681B6822F0D8
:1049500040021A60FB681B681A68FB681B6842F417
:1049600080421A60FB681B681B6803F04003402B01
:1049700007D0FB681B681A68FB681B6842F040029E
:104980001A60FB68DB68B3F5006F52D1FB685B68A7
:10499000002B02D07B8B012B45D1FB681B6B1A8847
:1049A000FB681B68DA60FB681B6B9A1CFB681A6368
:1049B000FB68DB8E9BB2013B9AB2FB68DA8632E081
:1049C000FB681B689B6803F00203022B12D1FB6893
:1049D0001B6B1A88FB681B68DA60FB681B6B9A1CF0
:1049E000FB681A63FB68DB8E9BB2013B9AB2FB68E3
:1049F000DA8618E0FDF7BEFE0246FB69D31A3A6874
:104A00009A4203D83B68B3F1FF3F02D13B68002BC9
:104A100009D1FB68012283F85120FB68002283F84A
:104A20005020032382E0FB68DB8E9BB2002BC7D1B2
:104A300053E0FB685B68002B02D07B8B012B47D1D6
:104A4000FB681A6BFB681B680C3312781A70FB68E2
:104A50001B6B5A1CFB681A63FB68DB8E9BB2013B25
:104A60009AB2FB68DA8633E0FB681B689B6803F048
:104A70000203022B13D1FB681A6BFB681B680C3313
:104A800012781A70FB681B6B5A1CFB681A63FB6870
:104A9000DB8E9BB2013B9AB2FB68DA8618E0FDF729
:104AA00069FE0246FB69D31A3A689A4203D83B680A
:104AB000B3F1FF3F02D13B68002B09D1FB68012213
:104AC00083F85120FB68002283F8502003232DE057
:104AD000FB68DB8E9BB2002BC6D1FA693968F86897
:104AE00000F05EFB0346002B02D0FB6820225A65D3
:104AF000FB689B68002B0AD100237B61FB681B6865
:104B0000DB687B61FB681B689B687B617B69FB687A
:104B1000012283F85120FB68002283F85020FB68B3
:104B20005B6D002B01D0012300E0002318462037E5
:104B3000BD4680BD80B58AB000AFF860B9607A60CC
:104B40007B8001237B62FDF715FE3862FB6893F8DA
:104B50005130FB77FB685B68BB617B88FB82FB7F26
:104B6000012B0CD0BB69B3F5827F06D1FB689B6833
:104B7000002B02D1FB7F042B01D002237FE1BB6815
:104B8000002B05D07B68002B02D07B88002B01D145
:104B9000012374E1FB6893F85030012B01D102230B
:104BA0006DE1FB68012283F85020FB6893F85130D7
:104BB000DBB2042B03D0FB68052283F85120FB688D
:104BC00000225A65FB687A689A63FB687A88DA87FC
:104BD000FB687A889A87FB68BA681A63FB687A88E8
:104BE000DA86FB687A889A86FB6800221A64FB687A
:104BF00000225A64FB681B681B6803F04003402BCB
:104C000007D0FB681B681A68FB681B6842F040020B
:104C10001A60FB68DB68B3F5006F7ED1FB685B68E8
:104C2000002B02D0FB8A012B6CD1FB681B6B1A880E
:104C3000FB681B68DA60FB681B6B9A1CFB681A63D5
:104C4000FB68DB8E9BB2013B9AB2FB68DA8659E0C7
:104C5000FB681B689B6803F00203022B1BD1FB68F7
:104C6000DB8E9BB2002B16D07B6A012B13D1FB6825
:104C70001B6B1A88FB681B68DA60FB681B6B9A1C4D
:104C8000FB681A63FB68DB8E9BB2013B9AB2FB6840
:104C9000DA8600237B62FB681B689B6803F00103D4
:104CA000012B19D1FB68DB8F9BB2002B14D0FB6862
:104CB0001B68DA68FB689B6B92B21A80FB689B6B7F
:104CC0009A1CFB689A63FB68DB8F9BB2013B9AB22C
:104CD000FB68DA8701237B62FDF74CFD02463B6AE5
:104CE000D31A3A6B9A420DD83B6BB3F1FF3F09D010
:104CF000FB68012283F85120FB68002283F85020D2
:104D00000323BCE0FB68DB8E9BB2002BA0D1FB68C9
:104D1000DB8F9BB2002B9BD182E0FB685B68002B92
:104D200002D0FB8A012B71D1FB681A6BFB681B68F0
:104D30000C3312781A70FB681B6B5A1CFB681A63E1
:104D4000FB68DB8E9BB2013B9AB2FB68DA865DE0C2
:104D5000FB681B689B6803F00203022B1CD1FB68F5
:104D6000DB8E9BB2002B17D07B6A012B14D1FB6822
:104D70001A6BFB681B680C3312781A70FB681B6B8C
:104D80005A1CFB681A63FB68DB8E9BB2013B9AB22C
:104D9000FB68DA8600237B62FB681B689B6803F074
:104DA0000103012B19D1FB68DB8F9BB2002B14D0C0
:104DB000FB681B68DA68FB689B6BD2B21A70FB68F1
:104DC0009B6B5A1CFB689A63FB68DB8F9BB2013BB1
:104DD0009AB2FB68DA8701237B62FDF7CBFC0246BF
:104DE0003B6AD31A3A6B9A4203D83B6BB3F1FF3F4D
:104DF00002D13B6B002B09D1FB68012283F85120C3
:104E0000FB68002283F85020032338E0FB68DB8E28
:104E10009BB2002B9CD1FB68DB8F9BB2002B97D100
:104E20003A6A396BF86800F0BBF90346002B08D0EA
:104E3000FB6820225A65FB68002283F8502001237A
:104E40001DE0FB689B68002B0AD100233B61FB68D7
:104E50001B68DB683B61FB681B689B683B613B69C7
:104E6000FB68012283F85120FB68002283F8502060
:104E7000FB685B6D002B01D0012300E00023184686
:104E80002837BD4680BD000080B588B000AF78608F
:104E90007B681B685B68FB617B681B689B68BB6108
:104EA000BB699B0903F00103002B0FD1BB6903F021
:104EB0000103002B0AD0FB699B0903F00103002BBF
:104EC00004D07B681B6C78689847BEE0BB695B08C0
:104ED00003F00103002B0AD0FB69DB0903F0010397
:104EE000002B04D07B685B6C78689847ADE0BB69A9
:104EF0005B0903F00103002B06D1BB699B0903F09A
:104F00000103002B00F0A180FB695B0903F00103A2
:104F1000002B00F09A80BB699B0903F00103002B72
:104F200023D07B6893F85130DBB2032B11D07B6820
:104F30005B6D43F004027B685A6500237B617B68EC
:104F40001B68DB687B617B681B689B687B617B6996
:104F50000BE000233B617B681B68DB683B617B687F
:104F60001B689B683B613B696FE0BB695B0903F0B1
:104F70000103002B14D07B685B6D43F001027B685A
:104F80005A650023FB607B681B689B68FB607B683D
:104F90001B681A687B681B6822F040021A60FB6875
:104FA0007B685B6D002B4FD07B681B685A687B6801
:104FB0001B6822F0E0025A607B68012283F85120CE
:104FC000FB6903F00203002B04D1FB6903F001032A
:104FD000002B34D07B681B685A687B681B6822F002
:104FE00003025A607B68DB6C002B11D07B68DB6CA2
:104FF000174A5A637B68DB6C1846FDF727FD0346AA
:10500000002B05D07B685B6D43F040027B685A65DE
:105010007B689B6C002B16D07B689B6C0C4A5A6398
:105020007B689B6C1846FDF711FD0346002B0AD0E8
:105030007B685B6D43F040027B685A6503E07868EB
:1050400000F008F800E000BF00BF2037BD4680BD7B
:105050006750000880B483B000AF786000BF0C37A1
:10506000BD4680BC704780B584B000AF78607B6877
:105070005B6AFB60FB680022DA87FB680022DA8645
:10508000F868FFF7E7FF00BF1037BD4680BD00009E
:1050900080B588B000AFF860B9603B601346FB7123
:1050A000FDF768FB0246BB6A9B1A3A681344FB6132
:1050B000FDF760FBB861394B1B685B011B0DFA699A
:1050C00002FB03F37B6154E03B68B3F1FF3F50D038
:1050D000FDF750FB0246BB69D31AFA699A4202D91E
:1050E000FB69002B3DD1FB681B685A68FB681B6895
:1050F00022F0E0025A60FB685B68B3F5827F11D151
:10510000FB689B68B3F5004F04D0FB689B68B3F560
:10511000806F07D1FB681B681A68FB681B6822F068
:1051200040021A60FB689B6AB3F5005F0FD1FB6811
:105130001B681A68FB681B6822F400521A60FB683F
:105140001B681A68FB681B6842F400521A60FB680F
:10515000012283F85120FB68002283F850200323AA
:1051600017E07B69002B01D10023FB617B69013BC8
:105170007B61FB681B689A68BB681340BA689A42F7
:105180000CBF01230023DBB21A46FB799A429BD164
:10519000002318462037BD4680BD00BF0400002014
:1051A00080B586B002AFF860B9607A607B68009322
:1051B000BB6801220221F868FFF76AFF0346002B53
:1051C00007D0FB685B6D43F02002FB685A65032340
:1051D00013E07B680093BB6800228021F868FFF72A
:1051E00057FF0346002B07D0FB685B6D43F020029E
:1051F000FB685A65032300E0002318461037BD46BC
:1052000080BD80B582B000AF78607B68002B01D193
:10521000012342E07B6893F84130DBB2002B06D1DA
:105220007B68002283F840207868FDF7BFF87B6830
:10523000242283F841207B681B68DA687B681B683E
:1052400022F40052DA60786800F0B8FD7B681B68D1
:105250001A697B681B6822F490421A617B681B689C
:105260005A697B681B6822F02A025A617B681B68B6
:10527000DA687B681B6842F40052DA607B680022BF
:105280005A647B68202283F841207B68202283F8BF
:1052900042207B6800225A63002318460837BD4627
:1052A00080BD80B58AB002AFF860B9603B6013463C
:1052B000FB8000237B61FB6893F84130DBB2202B3D
:1052C00075D1BB68002B02D0FB88002B01D10123D4
:1052D0006EE0FB6800225A64FB68212283F84120BB
:1052E000FDF748FA7861FB68FA889A84FB68FA88C7
:1052F000DA84FB689B68B3F5805F08D1FB681B69A3
:10530000002B04D10023FB61BB68BB6103E0BB68D9
:10531000FB610023BB612EE03B6800937B690022A8
:105320008021F86800F01DFB0346002B05D0FB68C8
:10533000202283F8412003233AE0FB69002B0BD1A4
:10534000BB691B881A46FB681B68C2F308025A60D7
:10535000BB690233BB6107E0FB691A78FB681B6815
:105360005A60FB690133FB61FB68DB8C9BB2013B3C
:105370009AB2FB68DA84FB68DB8C9BB2002BCBD142
:105380003B6800937B6900224021F86800F0E9FA4D
:105390000346002B05D0FB68202283F8412003231D
:1053A00006E0FB68202283F84120002300E002236E
:1053B00018462037BD4680BD80B584B000AFF86088
:1053C000B9601346FB80FB6893F84230DBB2202BB8
:1053D00012D1BB68002B02D0FB88002B01D1012326
:1053E0000BE0FB6800221A63FB881A46B968F8686C
:1053F00000F010FB034600E0022318461037BD46BC
:1054000080BD000080B5BAB000AF78607B681B68D3
:105410001B68C7F8E4307B681B68DB68C7F8E030BE
:105420007B681B685B69C7F8DC300023C7F8D8309D
:105430000023C7F8D430D7F8E43003F00F03C7F8DF
:10544000D830D7F8D830002B0FD1D7F8E43003F09C
:105450002003002B09D0D7F8E03003F02003002B05
:1054600003D0786800F0ECFB5BE2D7F8D830002B73
:1054700000F0DE80D7F8DC3003F00103002B06D10A
:10548000D7F8E03003F49073002B00F0D180D7F808
:10549000E43003F00103002B0BD0D7F8E03003F425
:1054A0008073002B05D07B685B6C43F001027B6846
:1054B0005A64D7F8E43003F00403002B0BD0D7F87C
:1054C000DC3003F00103002B05D07B685B6C43F0FC
:1054D00002027B685A64D7F8E43003F00203002B21
:1054E0000BD0D7F8DC3003F00103002B05D07B682C
:1054F0005B6C43F004027B685A64D7F8E43003F035
:105500000803002B11D0D7F8E03003F02003002B64
:1055100005D1D7F8DC3003F00103002B05D07B6800
:105520005B6C43F008027B685A647B685B6C002B01
:1055300000F0F281D7F8E43003F02003002B08D00C
:10554000D7F8E03003F02003002B02D0786800F099
:1055500077FB7B681B685B6903F04003002B14BF7B
:1055600001230023DBB2C7F8D4307B685B6C03F007
:105570000803002B03D1D7F8D430002B4FD0786824
:1055800000F081FA7B681B685B6903F04003002B25
:1055900041D07B681B681433C7F89C30D7F89C3027
:1055A00053E8003FC7F89830D7F8983023F040030D
:1055B000C7F8D0307B681B681433D7F8D020C7F801
:1055C000A820C7F8A430D7F8A410D7F8A82041E83D
:1055D0000023C7F8A030D7F8A030002BD9D17B68C2
:1055E000DB6B002B13D07B68DB6B7E4A5A637B68D6
:1055F000DB6B1846FDF72AFA0346002B16D07B68B2
:10560000DB6B5B6B7A68D26B104698470EE078686C
:1056100000F093F90AE0786800F08FF906E0786806
:1056200000F08BF97B6800225A6475E100BF73E1DA
:105630007B681B6B012B40F04F81D7F8E43003F0FF
:105640001003002B00F04881D7F8E03003F010037E
:10565000002B00F041810023BB607B681B681B6846
:10566000BB607B681B685B68BB60BB687B681B6852
:105670005B6903F04003002B00F0B6807B68DB6BB6
:105680001B685B68A7F8BE30B7F8BE30002B00F08F
:1056900045817B689B8DB7F8BE209A4280F03E81A1
:1056A0007B68B7F8BE20DA857B68DB6B9B69202BB3
:1056B00000F088807B681B680C33C7F88830D7F807
:1056C000883053E8003FC7F88430D7F8843023F49B
:1056D0008073C7F8B8307B681B680C33D7F8B820E4
:1056E000C7F89420C7F89030D7F89010D7F89420D6
:1056F00041E80023C7F88C30D7F88C30002BD9D183
:105700007B681B6814337B677B6F53E8003F3B6704
:105710003B6F23F00103C7F8B4307B681B68143378
:10572000D7F8B420C7F88020FB67F96FD7F880203E
:1057300041E80023BB67BB6F002BE1D17B681B688E
:1057400014333B663B6E53E8003FFB65FB6D23F073
:105750004003C7F8B0307B681B681433D7F8B0201B
:10576000FA66BB66B96EFA6E41E800237B667B6E13
:10577000002BE3D17B68202283F842207B68002243
:105780001A637B681B680C33FB64FB6C53E8003FB7
:10579000BB64BB6C23F01003C7F8AC307B681B689C
:1057A0000C33D7F8AC20BA657B65796DBA6D41E8EA
:1057B00000233B653B6D002BE3D17B68DB6B184618
:1057C000FDF709F97B6802225A637B689A8D7B6832
:1057D000DB8D9BB2D31A9BB21946786800F0B6F8FD
:1057E0009CE000BF4B5B00087B689A8D7B68DB8D7B
:1057F0009BB2D31AA7F8CE307B68DB8D9BB2002B0F
:1058000000F08E80B7F8CE30002B00F089807B68E6
:105810001B680C33BB63BB6B53E8003F7B637B6B44
:1058200023F49073C7F8C8307B681B680C33D7F833
:10583000C8207A643B64396C7A6C41E80023FB63CE
:10584000FB6B002BE3D17B681B6814337B627B6AA4
:1058500053E8003F3B623B6A23F00103C7F8C430C2
:105860007B681B681433D7F8C4203A63FB62F96A7B
:105870003A6B41E80023BB62BB6A002BE3D17B6833
:10588000202283F842207B6800221A637B681B6811
:105890000C333B613B6953E8003FFB60FB6823F03E
:1058A0001003C7F8C0307B681B680C33D7F8C020E2
:1058B000FA61BB61B969FA6941E800237B617B69E0
:1058C000002BE3D17B6802225A63B7F8CE30194629
:1058D000786800F03BF823E0D7F8E43003F0800369
:1058E000002B09D0D7F8E03003F08003002B03D061
:1058F000786800F03EF914E0D7F8E43003F0400394
:10590000002B0ED0D7F8E03003F04003002B08D076
:10591000786800F07DF904E000BF02E000BF00E01D
:1059200000BFE837BD4680BD80B483B000AF78606B
:1059300000BF0C37BD4680BC704780B483B000AF59
:10594000786000BF0C37BD4680BC704780B483B020
:1059500000AF78600B467B8000BF0C37BD4680BC33
:10596000704780B586B000AFF860B9603B60134601
:10597000FB713BE03B6AB3F1FF3F37D0FCF7FAFE27
:1059800002463B68D31A3A6A9A4202D33B6A002B1A
:1059900001D103233AE0FB681B68DB6803F00403D2
:1059A000002B23D0BB68802B20D0BB68402B1DD0A0
:1059B000FB681B681B6803F00803082B16D1002343
:1059C0007B61FB681B681B687B61FB681B685B680D
:1059D0007B617B69F86800F056F8FB6808225A641E
:1059E000FB68002283F8402001230FE0FB681B685E
:1059F0001A68BB681340BA689A420CBF012300239F
:105A0000DBB21A46FB799A42B4D000231846183705
:105A1000BD4680BD80B485B000AFF860B960134664
:105A2000FB80FB68BA689A62FB68FA889A85FB6813
:105A3000FA88DA85FB6800225A64FB68222283F820
:105A40004220FB681B69002B07D0FB681B68DA68E3
:105A5000FB681B6842F48072DA60FB681B685A6955
:105A6000FB681B6842F001025A61FB681B68DA6838
:105A7000FB681B6842F02002DA60002318461437E6
:105A8000BD4680BC704780B495B000AF78607B683D
:105A90001B680C337B637B6B53E8003F3B633B6BC2
:105AA00023F49073FB647B681B680C33FA6C3A64D4
:105AB000FB63F96B3A6C41E80023BB63BB6B002BC3
:105AC000E5D17B681B6814333B623B6A53E8003FB7
:105AD000FB61FB6923F00103BB647B681B68143323
:105AE000BA6CFA62BB62B96AFA6A41E800237B6267
:105AF0007B6A002BE5D17B681B6B012B19D17B687E
:105B00001B680C33FB60FB6853E8003FBB60BB685D
:105B100023F010037B647B681B680C337A6CBA61DA
:105B20007B617969BA6941E800233B613B69002BDD
:105B3000E5D17B68202283F842207B6800221A632B
:105B400000BF5437BD4680BC704780B584B000AFFD
:105B500078607B685B6AFB60FB680022DA85FB6823
:105B60000022DA84F868FFF7E8FE00BF1037BD4670
:105B700080BD80B485B000AF78607B6893F8413019
:105B8000DBB2212B3ED17B689B68B3F5805F14D1DB
:105B90007B681B69002B10D17B681B6AFB60FB686C
:105BA0001B881A467B681B68C2F308025A607B6830
:105BB0001B6A9A1C7B681A6208E07B681B6A591C86
:105BC0007A6811621A787B681B685A607B68DB8C84
:105BD0009BB2013B9BB27A681946D184002B0FD14E
:105BE0007B681B68DA687B681B6822F08002DA60D9
:105BF0007B681B68DA687B681B6842F04002DA60E9
:105C0000002300E0022318461437BD4680BC7047CD
:105C100080B582B000AF78607B681B68DA687B680B
:105C20001B6822F04002DA607B68202283F8412062
:105C30007868FFF779FE002318460837BD4680BD17
:105C400080B58CB000AF78607B6893F84230DBB2EF
:105C5000222B40F0AE807B689B68B3F5805F17D144
:105C60007B681B69002B13D10023FB627B689B6A56
:105C7000BB627B681B685B689BB2C3F308039AB284
:105C8000BB6A1A807B689B6A9A1C7B689A6226E0D2
:105C90007B689B6AFB620023BB627B689B68B3F5F1
:105CA000805F07D07B689B68002B0AD17B681B69EB
:105CB000002B06D17B681B685B68DAB2FB6A1A703E
:105CC00008E07B681B685B68DBB203F07F03DAB235
:105CD000FB6A1A707B689B6A5A1C7B689A627B68B5
:105CE000DB8D9BB2013B9BB27A681946D185002BB4
:105CF0005DD17B681B68DA687B681B6822F0200234
:105D0000DA607B681B68DA687B681B6822F4807243
:105D1000DA607B681B685A697B681B6822F00102A5
:105D20005A617B68202283F842207B6800225A63F4
:105D30007B681B6B012B35D17B6800221A637B6863
:105D40001B680C337B617B6953E8003F3B613B6917
:105D500023F010037B627B681B680C337A6A3A621B
:105D6000FB61F9693A6A41E80023BB61BB69002B1A
:105D7000E5D17B681B681B6803F01003102B0AD168
:105D80000023FB607B681B681B68FB607B681B68EB
:105D90005B68FB60FB687B689B8D19467868FFF742
:105DA000D5FD02E0786800F06FFC002302E00023DC
:105DB00000E0022318463037BD4680BD80B584B070
:105DC00000AF78607B681B681B6923F440517B68D7
:105DD000DA687B681B680A431A617B689A687B688B
:105DE0001B691A437B685B691343BB607B681B6854
:105DF000DB6823F4B05323F00C037A681268B968A7
:105E00000B43D3607B681B685B6923F440717B683C
:105E10009A697B681B680A435A617B681B682C4A35
:105E2000934203D1FEF78CFCF86002E0FEF774FCAD
:105E3000F860FA6813469B0013449A001A447B6882
:105E40005B689B00B2FBF3F3224AA2FB03235B09CE
:105E50001901FA6813469B0013449A001A447B68A0
:105E60005B689B00B2FBF3F21A4BA3FB02035B09D6
:105E7000642000FB03F3D31A1B013233154AA2FB43
:105E800003235B0903F0F0031944FA6813469B00EF
:105E900013449A001A447B685B689B00B2FBF3F2E0
:105EA0000C4BA3FB02035B09642000FB03F3D31A32
:105EB0001B013233074AA2FB03235B0903F00F02E5
:105EC0007B681B680A449A6000BF1037BD4680BDDE
:105ED000003801401F85EB5180B485B000AFF860F9
:105EE000B9607A603B60FB68BA689A60FB687A6860
:105EF000DA60FB684FF07E525A60FB683A681A60BD
:105F000000BF1437BD4680BC7047B0B582B000AF4B
:105F1000786039607B685A687B689B6819461046D0
:105F2000FAF728FE03461A467B685A607B685C686D
:105F30007B685A687B68DB6819461046FAF71AFED8
:105F4000034619462046FAF7D1FF03461A467B68F6
:105F50001A617B681C687B681D697B681B68194631
:105F60003868FAF705FE034619462846FAF70AFF8D
:105F7000034619462046FAF7FDFD03461A467B689C
:105F80001A607B681B6919464FF07E50FAF7F0FDE6
:105F900003461A467B685B6819461046FAF7F2FE1C
:105FA00003461A467B685A607B681B6818460837A8
:105FB000BD46B0BD80B586B002AF03460A46FB8041
:105FC0001346BB80FB881B0A9BB2DBB23B72FB888B
:105FD000DBB27B72BB881B0A9BB2DBB2BB72BB8895
:105FE000DBB2FB7207F108024FF0FF33009304238A
:105FF000A0210548FDF782F80346FB73FB7B18469A
:106000001037BD4680BD00BF9002002080B586B02D
:1060100002AF03463960FB80FB881B0A9BB2DBB2F0
:106020003B73FB88DBB27B7307F10C024FF0FF334D
:1060300000930223A0211548FDF760F80346FB7387
:10604000FB7B002B01D0FB7B1CE007F108024FF02B
:10605000FF3300930223A1210C48FDF74DF90346BD
:10606000FB73FB7B002B01D0FB7B0BE03B7A1BB26D
:106070001B021AB27B7A1BB213431BB29AB23B6863
:106080001A80002318461037BD4680BD90020020BC
:1060900080B485B000AFF860B9607A607B80FB683F
:1060A000BA689A60FB687A681A60FB687A889A8096
:1060B00000BF1437BD4680BC704780B586B002AFC4
:1060C00078600B46FB7007F10C0300210A461A802A
:1060D0000A469A70FB789B105BB203F001035BB237
:1060E00043F006035BB2DBB23B73FB789B01DBB290
:1060F0007B730023BB7307F1080300210A461A8053
:106100000A469A707B6818687B689B88002219464B
:10611000FCF798FE7B68986807F1080207F10C010C
:106120000A2300930323FEF705FD7B6818687B684C
:106130009B8801221946FCF785FE7B7A1BB21B0265
:106140001BB203F470631AB2BB7A1BB213431BB2C7
:106150009BB2C3F30B039BB218461037BD4680BDFC
:1061600080B485B000AFF860B9607A607B80FB686E
:10617000BA681A60FB687A689A60FB687A889A80C5
:1061800000BF1437BD4680BC7047000080B584B0A6
:1061900000AF78607B681B6801221B491846FFF737
:1061A0000BF97B681B685B68FB60F868FAF792FD87
:1061B000034619461548FAF799FE0346BB60144991
:1061C000B868FAF7DFFD03464FF07C511846FAF73E
:1061D000D1FC03461846FAF7C1FF03460D4A136087
:1061E0000C4B1B68002B02D10A4B01221A607B6802
:1061F00098687B689B8800221946FCF723FE00BF45
:106200001037BD4680BD00BFF003002000E02B46E4
:10621000000060401000002080B584B000AFF8603E
:10622000B9601346FB80FB689868FB689B88012275
:106230001946FCF707FEFB681868FA884FF0FF3331
:10624000B968FFF72EF8FB689868FB689B88002206
:106250001946FCF7F7FD00BF1037BD4680BD0000B2
:1062600080B582B000AF7860064800F021FA7B6804
:106270001B68012203491846FFF79EF800BF083744
:10628000BD4680BDF003002080B500AFFCF772FA78
:106290000346184680BD000080B487B000AF0346B7
:1062A000FB714FF6FF737B610023FB740023FB74CB
:1062B00025E0FB7C1D4A13449B781A467B695340BA
:1062C0007B610023BB740123BB7412E07B6903F084
:1062D0000103BB607B695B087B61BB68002B05D059
:1062E0007B6983F4204383F001037B61BB7C013332
:1062F000BB74BB7C082BE9D9FB7C0133FB74FA7CB3
:10630000FB799A42D5D37B691B0AFB607B691B0230
:10631000FA6813437B617B699BB27B617B699BB2AB
:1063200018461C37BD4680BC704700BF00040020E3
:1063300080B485B000AF0346FB710B4BDB78FB7379
:10634000094B1A78084B9A70FB7B803BDAB2064BFC
:10635000DA70054AFB791371034B03225A7000BFB0
:106360001437BD4680BC70470004002080B582B061
:1063700000AF544B5B78023B524A13449B781BB2EC
:106380001B021AB24F4B5B78013B4E490B449B7882
:106390001BB213431BB2BB804A4B5B78023BDBB2A0
:1063A0001846FFF779FF03461A46BB88934202D08E
:1063B0006FF0050382E00023FB710023BB71002313
:1063C000BB710CE0BB79404AD25C3E4BDB789A4211
:1063D00002D10123FB7105E0BB790133BB71BB79AD
:1063E000072BEFD9FB7983F00103DBB2002B01D03F
:1063F000012363E000237B80324BDB78033B0D2BD2
:106400005BD801A252F823F0BB640008BB6400080B
:10641000BB64000841640008BB640008BB6400085A
:10642000BB640008BB640008BB640008BB640008D0
:10643000BB640008BB640008BB6400086D6400080E
:10644000204B5B791AB21F4B1B791BB21B021BB28C
:1064500013431BB27B807B887B707B789AB2194B8D
:10646000B3F86C309A4225D9022327E0154B5B79AB
:106470001AB2144B1B791BB21B021BB213431BB283
:106480007B80104BDB791AB20E4B9B791BB21B023F
:106490001BB213431BB29AB27B8813447B807B8868
:1064A0007B707B789AB2074BB3F86C309A4203D971
:1064B000022303E000BF00E000BF002318460837B6
:1064C000BD4680BD00040020A4B0000880B485B0A3
:1064D00000AF78600B467B80264B5B791AB2254B68
:1064E0001B791BB21B021BB213431BB2BB81214B96
:1064F000DB79FB72FB7A5B00DAB21E4B1A711D4B23
:1065000003225A70BB89FB8128E0FB895B007A6813
:1065100013441B881B0A9AB2164B5B781946D2B2F9
:10652000144B0B449A70134B5B780133DAB2114B66
:106530005A70FB895B007A6813441A880D4B5B78AC
:106540001946D2B20B4B0B449A700A4B5B7801335D
:10655000DAB2084B5A70FB890133FB81FA89B98999
:10656000FB7A0B449A42D0DB00BF00BF1437BD4614
:1065700080BC70470004002080B485B000AF786014
:106580000B467B800D4B5B79FB730C4BDB791AB2AE
:106590000A4B9B791BB21B021BB213431BB2BB817C
:1065A000FB7B5B007A681344BA891A80034B06228E
:1065B0005A7000BF1437BD4680BC704700040020ED
:1065C00080B485B000AF78600B467B801C4B5B7954
:1065D000BB731B4BDB797B73194B00229A71184AF2
:1065E0007B7BD371164B06225A700023FB731DE090
:1065F000FB7B04335B00124A13449B781AB2FB7B8B
:106600005B0007330E490B449B781BB21B021BB285
:1066100013431BB27B81BA7BFB7B13445B007A681C
:1066200013447A891A80FB7B0133FB73FA7B7B7BF3
:106630009A42DDD300BF00BF1437BD4680BC70470F
:106640000004002080B582B000AF0346FB714FF418
:106650008073094A09490A48FFF782FD0848FFF795
:1066600095FD084AFB791370064B00225A7000BF53
:106670000837BD4680BD00BF00080140A0030020D0
:10668000F40300200004002080B582B000AF7860E1
:106690007B681A68054B1B681B689A4202D1034845
:1066A000FFF7DEFD00BF0837BD4680BDF4030020C4
:1066B00080B582B000AF78600D4B1B885A1C91B238
:1066C0000B4A11801A467B6819780A4B9954FFF7D8
:1066D000DBFD0346084A1360054B1B88632B02D978
:1066E000034B00221A8000BF0837BD4680BD00BFA3
:1066F000D404002070040020D804002080B582B0AB
:1067000000AF174B5B781846FFF7C6FD0346FB80CA
:10671000FB881B0A98B2124B5B785A1CD1B2104A04
:1067200051701946C2B20E4B0B449A700C4B5B78F9
:106730005A1CD1B20A4A51701946FB88DAB2084B8A
:106740000B449A70064B5B781A4606490648FFF7D9
:1067500063FD034B00225A7000BF0837BD4680BD61
:106760000004002002040020F403002080B584B05F
:1067700000AF78600B467B80404A7B88A2F86C3083
:106780003F4B1B88002B74D0FFF77EFD02463D4B2C
:106790001B68D31A042B6CD9394B1B881A463A490B
:1067A0003A4801F00EF9364B1B88DAB2334B5A7077
:1067B000334B00221A8064220021334801F074F820
:1067C0002E4B9A782D4B1B789A4252D1FFF7CEFD73
:1067D0000346FB73FB7B002B06D0FB7B1846FFF7C1
:1067E000A7FDFFF78BFF44E0244BDB78033B0D2B29
:1067F0003ED801A252F823F0416800083168000831
:106800007168000851680008716800087168000824
:1068100071680008716800087168000871680008F4
:1068200071680008716800087168000861680008F4
:106830007B8819467868FFF749FEFFF75FFF18E08D
:106840007B8819467868FFF741FEFFF757FF10E095
:106850007B8819467868FFF78FFEFFF74FFF08E047
:106860007B8819467868FFF7ABFEFFF747FF00E02B
:1068700000BF00BF1037BD4680BD00BF0004002030
:10688000D4040020D804002070040020020400205A
:1068900080B584B000AF786039603B681B0CDBB218
:1068A0003B733B681B0ADBB27B733B68DBB2BB7399
:1068B0007B6818687B689B8800221946FCF7C2FA3F
:1068C0007B68986807F10C014FF0FF330322FDF756
:1068D000EDFF7B6818687B689B8801221946FCF7EE
:1068E000B1FA00BF1037BD4680BD80B584B000AF9F
:1068F000F860B9607A607B80FB68BA689A60FB6870
:106900007A681A60FB687A889A80FB681868FB6866
:106910009B8801221946FCF795FA00BF1037BD4647
:1069200080BD000080B582B000AF7860064978680D
:10693000FFF7AEFF44F601117868FFF7A9FF00BF2B
:106940000837BD4680BD00BF00044C0080B584B050
:1069500000AF78600B467B800023FB60FB681B0464
:10696000FB607B88FA681343FB60F9687868FFF77F
:106970008FFF00BF1037BD4680BD002B2DE9F047CB
:106980001D46BBBF03F100431D4600232D2388B0E5
:106990001446B8BF1446129A109E1370149BDDF86B
:1069A0004CA023F02008B8F1460F05D0B8F1450FF0
:1069B00000D10136022300E0032307AA049206AAAD
:1069C000CDE902A2CDE9003622462B4601F094F82B
:1069D000B8F1470F074619D1119BDB070ED500EB25
:1069E00006090022002320462946F9F7DDFF08B1F9
:1069F000CDF81C903022079B4B451ED33846079B91
:106A0000159ADB1B136008B0BDE8F087B8F1460F9C
:106A100000EB0609E5D10378302B0AD100220023D0
:106A200020462946F9F7C0FF18B9C6F10106CAF891
:106A30000060DAF800309944D3E7591C07911A70C6
:106A4000D9E7F7B50029B6BF2D232B2349420929E1
:106A50000270437029DD0DF1070425460A27B1FBBA
:106A6000F7F6224607FB1613303302F8013C0B46BB
:106A7000632B314604F1FF34F1DC3031931E04F80E
:106A8000011C1C46411CAB420AD30DF109039B1AA1
:106A9000A54238BF0023821C1344181A03B0F0BD6E
:106AA00013F8016B01F8016FEDE73023303183708B
:106AB000C170031DF1E700002DE9F04F91B00C46C5
:106AC000DDF8688016461F46054600F0F5FE0368AF
:106AD00018460A93F9F73CFB00230E93D8F80030D0
:106AE00094F818A0073323F00703F3E80212D4F850
:106AF00000B0CDE90812C8F8003013460A46C4E9D0
:106B00001223DDE9088323F000490B904FF0FF3298
:106B1000404649469B4BF9F779FF70BB4FF0FF3277
:106B200040464946974BF9F753FF30BBDDE9080172
:106B300000220023F9F742FF10B12D2384F84330DF
:106B4000914A924BBAF1470F8CBF90469846032367
:106B50004FF0000923612BF00403236033462146E4
:106B6000284600970FAA00F0D3F9013040F08F803B
:106B70004FF0FF3011B0BDE8F08FDDE9082310467B
:106B80001946F9F743FF40B1099B814A002BBCBF6E
:106B90002D2384F843307F4BD4E763680AF0DF0984
:106BA0005A1C3ED10623636000224BF480632360AD
:106BB00006920EAACDE904A20DAA03920DF13302AA
:106BC000CDE90132636828460093DDE90823FFF729
:106BD000D4FEB9F1470F80460D9929D1C81C02DBBC
:106BE00063688B4241DAAAF1020A5FFA8AFA5246D6
:106BF000013904F150000D91FFF723FF0E9A8146F1
:106C00001318012A236102DC2268D20701D501335F
:106C100023619DF83330002BA0D02D2384F843301E
:106C20009CE7B9F1470FBFD1002BBDD10123BAE7D3
:106C3000BAF1650FDBD9BAF1660F18D10029636884
:106C40000BDD216113B92268D00702D501330B4453
:106C500023614FF00009A165DBE713B92268D20771
:106C600001D50233F4E70123F2E74FF0670A0E9BE8
:106C70008B4205DC23682161D807EAD54B1CE7E786
:106C80000029CCBF0122C1F102021344E0E72368CE
:106C90005A0507D42369424631462846B847013091
:106CA0002BD165E7BAF1650F40F2DC80D4E912011F
:106CB00000220023F9F778FE002833D00123314663
:106CC0002846354AB84701303FF452AFDDE90D3868
:106CD000434502DB2368D8070FD5DDE90A23314697
:106CE0002846B84701303FF443AF4FF0000908F1A0
:106CF000FF3804F11A0AC84509DC23689B0700F134
:106D00000281E0680F9B9842B8BF184632E7012322
:106D1000524631462846B84701303FF429AF09F1C1
:106D20000109E8E70D9B002B38DC0123314628469A
:106D3000194AB84701303FF41BAFDDE90D3959EA74
:106D4000030302D12368D907D7D5DDE90A233146E9
:106D50002846B84701303FF40BAF4FF0000A04F16A
:106D60001A0B0D9B5B42534501DC4B4693E7012315
:106D70005A4631462846B84701303FF4F9AE0AF189
:106D8000010AEEE7FFFFEF7FB0B00008ACB00008EB
:106D9000B8B00008B4B00008BCB00008A36DDDF8BE
:106DA00038A05345A8BF5346002B994636DC4FF018
:106DB000000B29EAE97904F11A02A36D0893A3EB09
:106DC00009035B4531DC0D9B9A453ADC2368DA0701
:106DD00037D40D9BAAEB0309089BAAEB0303994543
:106DE000A8BF9946B9F1000F33DC4FF0000829EA3B
:106DF000E97904F11A0B0D9BAAEB0303A3EB09033A
:106E000043457FF77AAF01235A4631462846B847B3
:106E100001303FF4ADAE08F10108ECE742463146DF
:106E20002846B8470130C2D1A2E6012331462846A0
:106E30000892B84701303FF49BAE089A0BF1010B62
:106E4000BBE73146DDE90A232846B8470130C0D107
:106E50008EE6089A4B46314628464244B8470130F0
:106E6000C3D185E6DDF838A0BAF1010F01DCDB07FC
:106E700036D50123424631462846B84701303FF413
:106E800077AEDDE90A2331462846B84701303FF4A2
:106E90006FAED4E91201002200230AF1FF3AF9F79C
:106EA00083FDC0B9534608F1010231462846B84770
:106EB00001300CD15CE601235A4631462846B847DA
:106EC00001303FF455AE08F10108D045F3DB4B46E5
:106ED00004F15002E0E64FF0000804F11A0BF4E769
:106EE00001234246E1E701234A4631462846B84796
:106EF00001303FF43DAE08F10108E3680F995B1AD9
:106F00004345F0DCFDE64FF0000804F11909F4E711
:106F10002DE9F047164698468A680B690746934262
:106F2000B8BF1346336091F843200C46DDF820903B
:106F30000AB1013333602368990642BF33680233D4
:106F40003360256815F0060506D104F1190AE368D7
:106F500032689B1AAB422BDC94F843302268003B2A
:106F600018BF0123920630D44146384604F143024B
:106F7000C847013023D02368226903F00603042B9D
:106F800014BF002533684FF0000608BFE56804F120
:106F90001A0408BFED1A54F8123C08BF25EAE5753B
:106FA0009342C4BF9B1AED18B5421AD1002008E0E5
:106FB0000123524641463846C847013003D14FF0BD
:106FC000FF30BDE8F0870135C1E73020E11881F8D6
:106FD00043005A1C94F845102244023382F84310AF
:106FE000C2E70123224641463846C8470130E6D071
:106FF0000136D9E72DE9F0430D7E85B0782D904616
:1070000007460C4699460C9E01F1430207D8622DB3
:107010000AD8002D00F0D780582D00F0BC8004F174
:10702000420684F842503BE0A5F16303152BF6D8E5
:1070300001A151F823F000BF91700008A57000086D
:107040001F7000081F7000081F7000081F700008E4
:10705000A57000081F7000081F7000081F7000084E
:107060001F700008AD710008CF7000085F71000844
:107070001F7000081F700008CF7100081F70000803
:10708000CF7000081F7000081F70000867710008AB
:1070900033681A1D1B68326004F1420684F84230DE
:1070A0000123A1E033682068191D3160060601D56F
:1070B0001D6803E04506FBD5B3F90050002D03DA47
:1070C0002D236D4284F843300A235B4811E0216888
:1070D0003368080653F8045B02D4490648BFADB2D2
:1070E0003360237E54486F2B5CD10823002184F841
:1070F00043106668002EA66005DB21682E4321F050
:107100000401216050D01646B5FBF3F103FB115C7E
:1071100010F80CC006F801CDAC4663450D46F3D916
:10712000082B0BD12368DB0708D5236961689942D6
:10713000DEBF302306F8013C06F1FF36921B2261C8
:10714000434621463846CDF8009003AAFFF7E0FEFB
:1071500001304ED14FF0FF3005B0BDE8F083236819
:1071600043F0200323607825344884F84550236891
:10717000316813F0800F51F8045B03D113F0400F16
:1071800018BFADB23160D90744BF43F0200323607C
:107190001DB11023AAE72848E7E7236823F020035E
:1071A0002360F6E70A23A1E71646B9E733682568A6
:1071B000181D616930602E061B6801D5196002E058
:1071C0006806FBD51980002316462361B8E73368AB
:1071D00000211A1D32601E686268304600F0E3FB31
:1071E00008B1801B606063682361002384F843302A
:1071F000A6E73246414638462369C8470130A9D040
:1072000023689B0713D4E068039B9842B8BF1846D5
:10721000A2E70123324641463846C847013099D09B
:107220000135E36803995B1AAB42F2DCEBE700251A
:1072300004F11906F5E700BFBEB00008CFB00008A2
:107240002DE9F04F87B003938B6891465A1EB2F533
:10725000AE7F82BF6FF4AE7503EB050B40F25D139A
:107260000A464FF0000588BF8B600B68804643F4E8
:10727000F06342F81C3B0C4698BF4FF0000B1646DB
:10728000AA462F46CDE9045501920295A2685AB14B
:10729000D9F800301B784E2B62D8402B3AD8A3F196
:1072A0002B01C8B20E2838D91FB1236823F480738C
:1072B00023600AF1FF3ABAF1010F00F21481019B39
:1072C0009E4200F20581012007B0BDE8F08FA3F1D6
:1072D00061020D2AE8D801A151F822F025740008B6
:1072E000A9720008A9720008A97200088174000838
:1072F0005B740008A9720008A972000833740008C2
:10730000A9720008A9720008A9720008A9720008F1
:10731000EF730008A3F14102DBE70E29C4D801A0F6
:1073200050F821F0DF730008A9720008DF7300082D
:107330006F740008A972000881730008C573000803
:10734000C5730008C5730008C5730008C57300083D
:10735000C5730008C5730008C5730008C57300082D
:107360006E2B09D8602BB2D8542B7BD0592B9BD1D4
:10737000072D99D108252FE0742B73D0792BF6E7D0
:107380002168C8051ED521F0800121600137BBF1BD
:10739000000F03D001320BF1FF3BA260A368013B59
:1073A000A360236901332361D9F80430013B002B2A
:1073B000C9F8043040F38380D9F800300133C9F8AC
:1073C000003063E71AEB05017FF46EAF0D468A4685
:1073D000226822F4C072226006F8013BDEE72268D0
:1073E00010067FF561AF22F080022260F4E7BAF167
:1073F000000F0CD177B9226802F4E061B1F5E06FBB
:1074000008D122F4F0624FF0010A2260E4E7BAF1F9
:10741000020F51D0012D02D0042D7FF445AF01356C
:10742000EDB2D9E7BAF1010F7FF43EAF4FF0020A97
:10743000D2E775B9002F7FF438AF226802F4E0611B
:10744000B1F5E06F40F0FF8022F4F0620125226088
:10745000C2E7032DE3D0052DDFE7022D7FF424AF33
:107460000325B9E7062D7FF41FAF0725B4E722688F
:1074700091057FF519AF22F4207222600297ABE7E5
:10748000226802F4A061B1F5806F05D050057FF548
:107490000BAF002F00F0D780910558BF029922F45E
:1074A000F06258BF791A42F4C0724FF0000758BF1B
:1074B000CDE9041622608FE74FF0030A8CE74946B6
:1074C0004046D4F88031984700283FF4DFAEEBE621
:1074D000D4F87C314A46404616F8011D9847236986
:1074E000013B2361EBE66B1E062B24D8022D36D818
:1074F000019B9E427FF6E7AED4F87C314A46404677
:1075000016F8011D98472369013B2361F0E7D4F881
:107510007C314A4640461BF8011D98472369013BD0
:1075200023610AF1FF3A5FFA8AFABAF1020FEED14B
:10753000033DEDB2761B2368DA0530D55B0511D526
:10754000019B9E427FF6BFAED4F87C314A4640464E
:1075500016F8011D98472369013B2361F0E7AA460D
:10756000B346DEE716F8011C2369652903F1FF33F2
:1075700006F1FF3523610CD045290AD0D4F87C31BF
:107580004A4640469847236916F8021C013BB51E3F
:1075900023614A464046D4F87C3198472E462268FB
:1075A00012F0100201D000208EE63270236803F43E
:1075B000C063B3F5806F25D1029B9F420AD0DA1BCE
:1075C00004F26F139E4228BF04F5B77630461F4978
:1075D00000F004F900224046019902F011FC039BDF
:1075E00025681B6815F0020F06460F4603F10402DA
:1075F00015D003990A601B68C3E90067E36801338B
:10760000E360D0E7049B002BE4D005990A234046B1
:10761000013102F075FC049B059EC21AD0E76D078C
:10762000E7D4039D2A601D6802460B46F9F7EEF980
:1076300020B1074800F0D4F92860DFE7304639462A
:10764000F9F742FAF8E7002733E600BFE0B0000898
:1076500021B20008002310B50446C0E90033C0E998
:107660000433836081814366C281836119460822A5
:107670005C3000F019F90D4B246263620C4BA3627D
:107680000C4BE3620C4B23630C4B9C4206D003F182
:107690006802944202D0D0339C4205D104F15800D4
:1076A000BDE8104000F07CB910BD00BF2178000893
:1076B000437800087B780008A1780008DC040020EB
:1076C000024A0349034800F06BB800BF14000020D1
:1076D000B1A200082400002041680C4B10B599426B
:1076E000044601D002F0E4FDA168094B994202D0A2
:1076F000204602F0DDFDE168064B994204D02046A9
:10770000BDE8104002F0D4BD10BD00BFDC04002075
:1077100044050020AC0500200C4B0D4A10B5042197
:107720001A600C480022FFF795FF0A4B01221C4605
:10773000092103F16800FFF78DFF04F1D000022258
:10774000BDE810401221FFF785BF00BF14060020DE
:10775000C1760008DC040020014800F022B900BF17
:107760001D060020014800F01DB900BF1D060020C5
:1077700010B50446FFF7F0FF236A1BB1BDE81040C7
:10778000FFF7F0BF044B2362044B1B68002BF5D1BD
:10779000FFF7C2FFF2E700BFD97600081406002009
:1077A0002DE9F8430746884614460026D4E901959A
:1077B000B9F1010905D52468002CF7D13046BDE8A0
:1077C000F883AB89012B07D9B5F90E30013303D00B
:1077D00029463846C04706436835E9E70EB46FF0DE
:1077E000004110B500249DB01FAB02900690079198
:1077F00004910948094953F8042B0591006802A92E
:1078000001931B9402F0DEFB029B1C701DB0BDE8CF
:10781000104003B0704700BF200000200802FFFFA7
:1078200010B50C46B1F90E1000F06CF80028ABBF93
:10783000636DA3891B1823F48053ACBF6365A381D8
:1078400010BD2DE9F0411F468B890546DB050C462E
:10785000164605D502230022B1F90E1000F040F8BB
:10786000A389324623F48053A38128463B46B4F9CA
:107870000E10BDE8F04100F057B810B50C46B1F954
:107880000E1000F02DF8B4F90C30421C0BBF23F49D
:10789000805343F48053A381A38118BF606510BD5A
:1078A000B1F90E1000F00CB803460244934200D127
:1078B000704703F8011BF9E700487047600100209A
:1078C00038B50023054D044608462B60FAF767FEDD
:1078D000431C02D12B6803B1236038BD1806002079
:1078E00038B50446084611460022054D2A601A465E
:1078F000FAF779FE431C02D12B6803B1236038BD2F
:107900001806002038B50446084611460022054DE9
:107910002A601A46FAF70AFE431C02D12B6803B10B
:10792000236038BD1806002038B5044608461146C5
:107930000022054D2A601A46FAF715FE431C02D1B3
:107940002B6803B1236038BD18060020014B18686E
:10795000704700BF2000002070B500260C4D0D4B75
:107960005B1B9C10A64209D1002603F077FB0A4D51
:107970000A4B5B1B9C10A64205D170BD55F8043B19
:1079800098470136EEE755F8043B98470136F2E791
:10799000DCB40008DCB40008DCB40008E0B4000883
:1079A000704770477047034610B5C9B2024493420E
:1079B000184601D1002003E0047801338C42F6D14F
:1079C00010BD0A44914200F1FF3300D1704710B559
:1079D00011F8014B914203F8014FF9D110BD00009D
:1079E000004870470000C07F2DE9F74F03690C691C
:1079F0000746A3427EDB013CA30000F1140501F120
:107A00001408009305EB8403019358F8243055F8CB
:107A1000242001339A42B2FBF3F608EB84092ED3FB
:107A20004FF0000AC446AE46D3465CF8043B98B219
:107A300006FB00A01B0C020C06FB0323DEF8002053
:107A400080B292B2121A5A44DEF800004FEA134A8A
:107A50009BB2C3EB224303EB104392B242EA0342D0
:107A6000E1454FEA234B4EF8042BDED2009BEB5846
:107A70002BB9019B043B9D421A462FD33C613846EB
:107A800001F0E0F9002825DB2946002058F8042BF6
:107A9000D1F800C01FFA82FE1FFA8CF3A3EB0E038D
:107AA0000344120CC2EB234202EB1C429BB243EA9A
:107AB0000243C1454FEA224041F8043BE6D255F863
:107AC000242005EB840322B9043B9D421A460BD3C4
:107AD0003C610136304603B0BDE8F08F1268043BCC
:107AE000002ACBD1013CC6E71268043B002AEFD143
:107AF000013CEAE70020EEE72DE9F04F16461F466D
:107B0000C26999B08146CDE90E67259C82B91020E3
:107B100000F020FE0246C9F81C0020B9EF21A84B56
:107B2000A84802F02FFC0023C0E901330360C360C2
:107B3000116859B101235268484693404A608B60EE
:107B400000F0FCFE0022D9F81C301A60B7F10008E2
:107B5000B5BF01230023236023609B4BBCBF28F0EB
:107B60000048CDF83C8033EA08031AD142F20F7383
:107B7000249AC8F3130858EA0608136000F07485C5
:107B8000269B53B9914B21E0914B03930833269ADE
:107B90001360039819B0BDE8F08F8C4B0393033347
:107BA000F5E7DDE90E34CDE90A34DDE90A0100220A
:107BB0000023F8F7F9FE824650B10123249A13609E
:107BC000269B13B1834B269A1360834B0393E0E704
:107BD00016AB019317AB00934846DDE90A2301F089
:107BE0004DFA5FEA1854169D04907BD0DDE90A0136
:107BF0000B9BA4F2FF34C3F3130343F07F5343F40E
:107C00004013CDF850A019460022744BF8F7ACFA97
:107C100065A3D3E90023F8F75FFC65A3D3E900234C
:107C2000F8F7A4FA064620460F46F8F7EBFB62A3E6
:107C3000D3E90023F8F750FC02460B46304639469C
:107C4000F8F794FA06460F46F8F7F6FE002280464B
:107C5000002330463946F8F7B1FE48B14046F8F700
:107C6000D1FB32463B46F8F79FFE08B908F1FF38D2
:107C7000B8F1160F53D8DDE90A01594B03EBC803DD
:107C8000D3E90023F8F79AFE00284AD0002308F130
:107C9000FF3811932D1B6B1E099349BF002300274A
:107CA000C5F101070993B8F1000F3CDB099BCDF842
:107CB00040804344099300230C93229B092B64D8F2
:107CC000052BC4BF043B2293229BC8BF0024A3F111
:107CD0000203D8BF0124032B00F28680DFE803F003
:107CE0005153362B179C2C4404F23243202BC1BF36
:107CF000C3F1400308FA03F804F2124326FA03F32F
:107D0000D6BFC3F1200348EA030006FA03F0F8F7F0
:107D100069FB0122A1F1F873013C149273E701237E
:107D2000B7E71190B6E7C8F100030C930023A7EB67
:107D300008071093C1E701230D93239B4344089345
:107D40000133012B0593B8BF012306E001230D93F6
:107D5000239B002B4BDD0893059300210422D9F8C7
:107D60001C0002F114059D4246D94160484600F0CE
:107D7000A7FD0390002842D1024640F2AF11194BF3
:107D8000CEE60023E3E70023D6E7012400230D9489
:107D900022934FF0FF33002208930593122323927E
:107DA000DBE700BFAFF3008061436F63A787D23F7B
:107DB000B3C8608B288AC63FFB799F501344D33FDA
:107DC000F2B0000809B100080000F07FEEB0000832
:107DD000E5B00008BDB00008BCB000080000F83FE6
:107DE000B8B2000861B1000801230D93D1E7012367
:107DF0001A4608930593D2E701315200B1E7D9F84A
:107E00001C30039A1A60059B0E2B00F2A180002CF7
:107E100000F09E80B8F1000F36DD9F4B08F00F0296
:107E200003EBC20318F4807F4FEA2815D3E900ABB7
:107E300016D0DDE90A01994B0324D3E90823F8F7AA
:107E400075FCCDE9060105F00F05944E75B9DDE925
:107E5000060152465B46F8F769FC82468B462DE0E8
:107E6000DDE90A34CDE906340224EEE7E90708D556
:107E7000D6E9002350465946F8F72EFB82468B463A
:107E800001346D100836E1E700F0AD80DDE90A014C
:107E9000C8F10005804B05F00F0203EBC203D3E9E4
:107EA0000023F8F719FB022482468B4600237B4E01
:107EB0002D11002D40F08C80002BCED1119B002B7A
:107EC00000F09580002250465946754BF8F776FD34
:107ED000002800F08C80059B002B00F08880089B18
:107EE000002B35DD08F1FF3350465946069300223A
:107EF0006C4BF8F7F1FA82468B46089E0134204617
:107F0000F8F780FA52465B46F8F7E6FA0022664B2D
:107F1000F8F72CF90446A1F15075CDE91245002E71
:107F200069D1002250465946604BF8F71DF92246A8
:107F30002B4682468B46F8F75FFD002840F0998279
:107F400022465046594605F10043F8F737FD20BB5D
:107F5000179B002BC0F26581B8F10E0F00F3618111
:107F60004D4B03EBC803D3E900AB239B002B80F2FE
:107F7000EF80059B002B00F3EB800ED100224B4BD2
:107F800050465946F8F7A8FA02460B46DDE90A01C1
:107F9000F8F71EFD002800F06F8200252C46239B79
:107FA000039EDB430693274600242946484600F0FB
:107FB000C5FC002F00F0C2802CB1BC4203D021468A
:107FC000484600F0BBFC3946484600F0B7FCB5E037
:107FD000EA0705D5D6E90023F8F77EFA0123013434
:107FE0006D10083665E70224DDE90AAB66E7059EF9
:107FF000CDF8188083E7284B03EBC60353E9020151
:108000000D9B002B56D002460B4600202849F8F75E
:108010008DFBDDE91223F8F7A7F8039BCDE91201E8
:108020009D191E4659465046F8F706FD0446F8F7D6
:10803000E9F902460B4650465946F8F795F8DDE94E
:108040001223303406F8014B82468B46F8F7B6FC13
:10805000002873D152465B4600201149F8F784F896
:10806000DDE91223F8F7AAFC002840F0BB80AE42FD
:108070003FF46EAFDDE9120100220A4BF8F72CFA4B
:108080000022CDE91201074B50465946F8F724FA71
:1080900082468B46C6E700BFB8B2000890B200081F
:1080A0000000F03F0000244000001C40000014408D
:1080B0000000E03FDDE91223F8F70EFA039BCDE95B
:1080C00012013344039D159359465046F8F7B4FC0A
:1080D0000446F8F797F90B46024659465046F8F71A
:1080E00043F83034159B05F8014B9D4282468B4680
:1080F00027D1DDE91201039B00221E44B54BF8F79E
:1081000035F802460B4650465946F8F775FC0028EC
:1081100068D1DDE912230020AE49F8F725F80246C0
:108120000B4650465946F8F749FC00283FF410AF7B
:10813000334616F8012D302AFAD01E46DDF8188095
:108140003EE00022A44BF8F7C7F982468B46BBE716
:108150000024039EA04D5246DDE90A015B46F8F774
:10816000E5FAF8F769FC0746F8F74CF952465B4622
:10817000F8F7B2F902460B46DDE90A01F7F7F4FF1A
:1081800007F1300C06F801CBDDF80CC0DDF814E087
:10819000A6EB0C0CE64502460B4633D1F7F7E6FF9B
:1081A00052465B4604460D46F8F726FCC0B95246D7
:1081B0005B4620462946F8F7F7FB08B1FB070FD4CA
:1081C0004846049900F0BAFB0023249A337008F162
:1081D00001031360269B002B3FF4DBAC1E60D8E448
:1081E000CDF8188033461E4613F8012D392A06D1E2
:1081F000039A9A42F7D1069A01320692302201324E
:108200001A709BE722462B46F8F766F902460B46A2
:10821000CDE90A2300220023F8F7C6FB00289AD0F4
:10822000CEE70D9A002A00F0E380229A012A00F39B
:10823000C280149A002A00F0BA8003F233430C9DE6
:108240003E46099A01211A4448461F44099200F00B
:1082500073FC044656B1099B002B07DDB342A8BF4F
:108260003346099AFF1AF61AD31A09930C9B0BB3DB
:108270000D9B002B00F0C380002D00F0BD80214637
:108280002A46484600F016FD049A01460446484630
:1082900000F068FC04998246484600F04FFB0C9BB6
:1082A0005B1B0C9300F0AE8051460C9A484600F0E0
:1082B00001FD04900121484600F03EFC109B05465C
:1082C000002B00F0D8811A460146484600F0F2FC27
:1082D000229B0546012B00F39D800E9B002B40F056
:1082E00094800F9BC3F31303002B40F08E800F9BF1
:1082F00023F000431B0D1B05002B00F089804FF07D
:10830000010A099B013701330993109B002B00F0F0
:10831000B8812B6905EB8303186900F0C1FBC0F13C
:108320002000099B184410F01F007ED0C0F12003EC
:10833000042B72DD099BC0F11C0003440744064472
:108340000993002F05DD3A464846049900F00EFDDA
:108350000490099B002B05DD29461A46484600F08B
:1083600005FD0546119B002B61D02946049800F0BD
:1083700069FD00285BDA08F1FF3306930A22002327
:108380004846049900F0FCFA0D9B0490002B00F085
:108390007A81002321460A22484600F0F1FA089B20
:1083A0000446002B72DC229B022B49DC6EE0169BFC
:1083B000C3F1360343E7059B5D1E0C9BAB420DDB0F
:1083C0005D1B059B002BBFF63BAF059BFE1A0023F0
:1083D00037E700BF0000E03F000024400C9B109AEC
:1083E000EB1A1A440C953E460025059B109228E78F
:1083F0003E460C9D0D9C2DE7DDF810A054E70C9A2D
:10840000049953E7CDF810A054E74FF0000A7CE739
:108410009A467AE74FF0000A7BE792D0099A1C331C
:108420001A441F441E4409928BE70346F6E7059B56
:10843000CDF81880002B23DC0893229B022B21DD32
:10844000089B002B7FF4ABAD29460522484600F07F
:1084500097FA01460546049800F0F4FC00287FF7DF
:108460009EAD3123039E06F8013B069B0133069324
:1084700099E535462C46F4E7059DCDF81880F9E7D7
:10848000059B08930D9B002B00F00181002E05DD5C
:1084900021463246484600F069FC0446BAF1000F16
:1084A0005AD04846616800F00BFA064628B90246E1
:1084B00040F2EF21814BFFF733BB226904F10C013D
:1084C000023292000C30FFF77CFA01223146484616
:1084D00000F04CFC0746039B039A03F1010B089B39
:1084E00013440A930E9B03F0010309930BF1FF332E
:1084F000294604980593FFF777FA2146089000F182
:10850000300A049800F09EFC3A46804629464846C8
:1085100000F0B4FCC268064602BB0146049800F0B5
:1085200091FC0246314648460C9200F007FA229B25
:108530000C9A5E4642EA0301099B194310D1BAF135
:10854000390F2BD0B8F1000F02DD089B03F1310A7F
:10855000059B83F800A028E52746BCE70122E1E758
:10856000B8F1000F06DB229B48EA0308099B58EA92
:10857000030820D1002AEBDD01220499484600F0CF
:10858000F5FB2946049000F05DFC002803DCDFD1F8
:108590001AF0010FDCD0BAF1390FD6D13923059A80
:1085A000137033461E4616F8012C013B392A53D06E
:1085B00001321A70F9E4002A07DDBAF1390FEDD063
:1085C000059A0AF101031370EFE40A9B0BF801AC62
:1085D0005B452BD000230A220499484600F0D0F9CD
:1085E000BC4204904FF000034FF00A022146484677
:1085F00006D100F0C5F9044607460BF1010B75E7FB
:1086000000F0BEF93946044600230A22484600F02D
:10861000B7F90746F1E7089B2746002B03F1FF3621
:10862000D8BF00260024039B5A1C1644012204993B
:10863000484600F09BFB2946049000F003FC00280C
:10864000AFDC02D11AF0010FABD133461E4613F84E
:10865000012D302AFAD0A8E4039A9A42A2D1069BAF
:10866000013306933123AEE7269B002B7FF48CAABF
:10867000134BFFF7ABBA229B012B7FF72EAEDDF831
:1086800040A001204DE6089B002B7FF7D6AE039E4D
:1086900029460498FFF7A8F9039B00F1300A06F871
:1086A00001ABF21A089B9342B5DD00230A2248462B
:1086B000049900F065F90490EAE700BF61B1000891
:1086C000E5B0000838B50546002940D051F8043C13
:1086D0000C1F002BB8BFE41800F0E6F81C4A136822
:1086E00033B9636014602846BDE8384000F0E2B852
:1086F000A34208D9206821188B4201BF19685B6822
:1087000009182160EDE71A465B680BB1A342FAD95C
:1087100011685018A0420BD12068014450188342C0
:108720001160E0D118685B68084410605360DAE7B4
:1087300002D90C232B60D6E7206821188B4201BF99
:1087400019685B680918216063605460CBE738BD25
:1087500024060020024B0146186800F025B800BF2F
:108760002000002070B50F4E0C463168054611B947
:1087700001F0F2FD30602146284601F0EDFD431C7A
:1087800003D14FF0FF34204670BDC41C24F0030415
:10879000A042F8D0211A284601F0DEFD0130F2D1C6
:1087A000EFE700BF200600202DE9F843CD1C25F09F
:1087B000030508350C2D38BF0C25002D064601DBBE
:1087C000A94204D90C2333600020BDE8F883DFF808
:1087D000D48000F069F8D8F800301C4644BB294624
:1087E0003046FFF7BFFF431C044658D1D8F800407D
:1087F0002746002F43D1002C4BD023683946304602
:1088000004EB030901F0A8FD814542D121683046FF
:108810006D1A2946FFF7A6FF01303AD023682B4492
:108820002360D8F800305A6862BBC8F800700FE0C7
:108830002268521B20D40B2A17D96119A342256044
:1088400018BF5960636808BFC8F8001062514B60D8
:10885000304600F02FF804F10B00231D20F0070034
:10886000C21A1CBF1B1AA350AFE76268A3420CBF19
:10887000C8F800205A60EBE723466468AEE73C4640
:108880007F68B6E71A465B68A342FBD100235360BA
:10889000DEE70C233046336000F00CF894E7056007
:1088A000D6E700BF240600200148FFF77AB800BFD2
:1088B0001C0600200148FFF775B800BF1C06002009
:1088C00070B5C46905460E4684B91020FFF742FF13
:1088D0000446E86128B902466B21164B164801F0A0
:1088E00051FD0023C0E901330360C360E36853B95D
:1088F00021220421284601F063FDEB69E060DB687A
:108900000BB9002070BD53F8260030B1026843F85F
:1089100026200023C0E90333F4E7012101FA06F41D
:10892000621D2846920001F04BFD0028E9D0C0E905
:108930000164EEE7F2B0000872B1000870B5C669D4
:1089400005460C4676B91020FFF704FF0246E861A1
:1089500020B98F21084B094801F014FDC0E90166D8
:108960000660C6603CB1EB696268DB6853F82210B0
:10897000216043F8224070BDF2B0000872B10008D7
:108980002DE9F04107460C461E4600200D6901F115
:10899000140CDCF80030013099B202FB01611E0CAE
:1089A0000B0C02FB063389B201EB034185424FEA0F
:1089B00013464CF8041BECDC0EB3A368AB4219DC85
:1089C000616838460131FFF77BFF804628B90246CF
:1089D000BA210C4B0C4801F0D5FC226904F10C01C2
:1089E000023292000C30FEF7ECFF21463846FFF7CA
:1089F000A5FF444604EB850301355E6125612046F1
:108A0000BDE8F08161B1000872B100082DE9F843BA
:108A1000154609221F4608330C4693FBF2F306461F
:108A2000012200219A4209DB3046FFF749FF40B995
:108A30000246D321184B194801F0A4FC5200013121
:108A4000F0E7089B092D43614FF00103036116DD38
:108A500004F10908C1462C4419F8013B01460A22D9
:108A60003046303BFFF78CFFA145F5D1A844A8F173
:108A700008042D1B63199F4204DCBDE8F883092517
:108A80000A34F6E714F8013B01460A223046303B2F
:108A9000FFF776FFEEE700BF61B1000872B1000892
:108AA0000346B0F5803F3ABF030410200020B3F125
:108AB000807F3CBF1B020830B3F1805F3CBF1B01CD
:108AC0000430B3F1804F3CBF9B000230002B05DB2C
:108AD00013F0804F00F1010008BF202070470368A9
:108AE000024613F007000BD0D90721D4980749BFDD
:108AF0005B089B08012013605CBF02201360704775
:108B000099B209B910201B0CD9B209B908301B0A57
:108B1000190704BF1B090430990704BF9B080230E2
:108B2000D90703D45B0800F1010003D0136070473C
:108B3000002070472020704710B50C460121FFF738
:108B4000BFFE024628B940F24511044B044801F02B
:108B500019FC01234461036110BD00BF61B100082D
:108B600072B100082DE9F04FD1F81090D2F810A0A2
:108B70008846D145144685B004DB53460C46CA46A8
:108B800090469946A36861680AEB0906B342B8BFEC
:108B90000131FFF795FE30B902464FF4B171434BF6
:108BA000434801F0EFFB00F114052B46002205EBD2
:108BB0008607BB421FD304F1140C08F114010CEB1F
:108BC0008A0301EB890202921A1B153A22F0030272
:108BD00015349C4288BF00220192029A03918A4276
:108BE0000CD8002E03DD57F8043D002B5CD0066145
:108BF00005B0BDE8F08F43F8042BDAE7B1F800A028
:108C0000BAF1000F23D0E046A9464FF0000E58F805
:108C1000042BD9F800401FFA82FBA4B20AFB0B44D4
:108C20007444D9F800E0120C4FEA1E4E0AFB02E22F
:108C300002EB1442A4B244EA024443454FEA124E06
:108C400049F8044BE3D8019AAA18C2F804E0039A41
:108C50000431B2F80280B8F1000F23D02A68E6464A
:108C60009146AA464FF0000BBEF8004092B208FBB6
:108C700004B404EB194442EA04424AF8042B5EF8B7
:108C8000042BDAF800904FEA124B1FFA89F208FB26
:108C90000B22734502EB14424FEA124BE4D8019CBD
:108CA0002C196260043598E7013E9AE761B100082B
:108CB00072B100082DE9F843174612F0030280460E
:108CC0000D4607D0264C013A002354F82220FFF726
:108CD00057FE0546BF103FD0D8F81C4094B910206D
:108CE000FFF738FD0446C8F81C0030B9024640F2D0
:108CF000B3111C4B1C4801F045FB0023C0E90133B4
:108D00000360C360A66846B940F271214046FFF790
:108D100013FF00230646A06003602C464FF00009B5
:108D200007F001037F1053B1294632464046FFF752
:108D300019FF214605464046FFF700FE67B130683F
:108D400038B9324631464046FFF70CFF3060C0F874
:108D5000009006462C46E3E72846BDE8F88300BFAE
:108D600084B20008F2B0000872B100082DE9F84F93
:108D70000C46074615462369496803EB6218A36849
:108D80004FEA621A08F101094B450BDB3846FFF741
:108D900097FD064648B902464FF4EF71274B284825
:108DA00001F0F0FA01315B00EEE70023194600F113
:108DB000140C00F11002534534DB22692AEAEA7AE6
:108DC0000CEB8A0C04F1140315F01F0E614603EB43
:108DD00082022BD00025CEF1200A8B461868043180
:108DE00000FA0EF02843CBF8000053F8045B9A42D7
:108DF00025FA0AF5F1D8131B153B23F0030304F100
:108E000015018A4238BF00239C44CCF8045005B9B0
:108E1000C14638462146C6F81090FFF78FFD304610
:108E2000BDE8F88F42F8041F0133C4E753F8045B30
:108E300004319A4241F8045CF8D8E9E761B10008CE
:108E400072B1000803460A69006930B5801A0ED174
:108E50001433143103EB820401EB820154F8045DF6
:108E600051F8042D954203D005D24FF0FF3030BDAC
:108E7000A342F3D3FBE70120F9E700002DE9F74F08
:108E80008A460646114650461446FFF7DBFF051E8C
:108E900012D129463046FFF713FD024628B940F2A9
:108EA0003721404B404801F06DFA0123C0E90435F9
:108EB000104603B0BDE8F08FBCBF5346A246304613
:108EC000DAF80410BABF1C4601250025FFF7F8FCAC
:108ED000024618B940F24521324BE3E7C56000F184
:108EE0001405AB464FF0000CDAF8107026690AF151
:108EF000140904F1140E0AF1100309EB87080EEBB4
:108F000086060193019B5EF8040B53F804AF81B20F
:108F100001931FFA8AF35B1A000C6344C0EB1A40FA
:108F200000EB23409BB243EA004376454FEA204CD6
:108F30004BF8043BE6D8331B153B153423F00303F1
:108F4000A64238BF0023E8184B441C1D26460430B7
:108F5000A5EB0905464506EB050E0ED308F1030106
:108F6000091B21F003010133984538BF002101445A
:108F700051F8043DA3B117619AE7E24656F8041B85
:108F80001FFA81FCD4444FEA1149514409EB2C49A2
:108F900089B241EA09414FEA294CCEF80010D9E7DD
:108FA000013FE5E761B1000872B100080E4B0B40CC
:108FB000A3F15073002B08DC5B42B3F1A07F4FEAB2
:108FC000235204DA4FF400231341002208E0A2F1F7
:108FD00014031E2BD6BF4FF000420122DA400023BB
:108FE00019461046704700BF0000F07F0269F8B5CF
:108FF00000F1140707EB820252F8044C1E4D204684
:10900000FFF74EFD0346C0F120000A2BA2F1040633
:10901000086012DCB7422CBF002252F8082CC3F1C2
:109020000B0C153324FA0CFE04FA03F322FA0CF2AB
:109030004EEA05011A431046F8BDB74236BFA2F109
:109040000806002252F8082C0B3B12D0C3F1200571
:1090500022FA05F19C400C43BE4244F07F5194BF7C
:10906000002456F8044C9A40EC4041F4401122434D
:10907000E1E744EA0501DEE70000F03F2DE9734334
:10908000012190469946089EFFF71AFC044630B924
:10909000024640F20F31234B234801F073F9C9F324
:1090A0000A55C9F313030DB143F480130193B8F1CA
:1090B000000324D068460093FFF711FD0099E0B14A
:1090C000019AC0F1200302FA03F30B43C24063612B
:1090D0000192019B002B0CBF01220222A36122619D
:1090E000ADB1A5F2334505443560C0F13500099BAB
:1090F0001860204602B0BDE870836161E9E701A80D
:10910000FFF7EDFC019B012263612030E7E7A0F24D
:10911000324004EB820330601869FFF7C1FCC0EBFA
:109120004210E4E761B1000872B100082DE9F04F88
:1091300085B0CDE9001002A9FFF758FF8B4606461F
:109140000F46009803A9FFF751FF0D46019B894682
:109150001969009B04461B693046C91ADDE90232D1
:109160009B1A03EB4113002BCDBF3A462A46C3EBB3
:10917000033302EB035BD8BF02EB03594B46224695
:109180005946F7F7D3FA05B0BDE8F08F013970B54D
:1091900049111469013102F1140300EB810103EB61
:1091A0008404051FA3420CD3A31A113B23F003032D
:1091B0001132944238BF002318440023884205D35B
:1091C00070BD53F8046B45F8046FEBE740F8043BBF
:1091D000F4E700F1140200694B11984210B511DB5D
:1091E0000ADD11F01F0107D052F8234024FA01F0E4
:1091F00000FA01F18C420BD102EB8303934203D8B6
:10920000002010BD0346F7E753F8041D0029F5D0F0
:109210000120F6E72DE9F0410F469046FFF7C6FE24
:1092200004460D46B8F1000F11D0C7F30A53C3F13D
:109230006B03002B0BDD00241B0503F17F5505F5A7
:10924000401522462B46F7F747F904460D462046BF
:109250002946BDE8F08100002DE9F04F9DB0159240
:1092600000220E464FF000084FF0000904901892BB
:1092700017910A780D462B2A01F101011DD00BD858
:109280000D2A06D8082AF3D87AB100239A460B9300
:1092900081E0202AECD0F8E72D2A10D10122691CA8
:1092A00017910B926A78002A35D1159B1796002BDF
:1092B00040F08B85404649462AE00022EFE7002136
:1092C0000B91302A40F099806A7802F0DF02582A28
:1092D00058D102930B9B814A019318AB00930498D9
:1092E00019AB17A901F0E8F810F00F06044605D0F5
:1092F000062E12D10023013517950B93159B002BD9
:1093000040F065850B9B002BD4D0404609F100410D
:109310001DB0BDE8F08F0D46D3E7189A3AB135215C
:109320001AA8FFF733FF18990498FFF707FB013ECF
:10933000042E06D8DFE806F014031E211400DDE930
:109340001A89E00548BF49F0004929F000431B0D88
:109350001B05002BD2D1FEF7F9FA22230360CDE7DB
:10936000199ADDE91A8302F2334223F4801343EAA7
:109370000259E6E7DFF86891E3E76FF000494FF044
:10938000FF38DEE7013517952B78302BFAD0002B0C
:10939000B4D04FF0010A00272B46BB460A210E9796
:1093A000184613F8014BA4F13002092A28D90122EA
:1093B0004C4900F0BEFF002833D0002022465C4616
:1093C000CDE90600652A01D0452A14D124B95AEA0C
:1093D00000033FF46AAF0024179E731C1793727842
:1093E0002B2A72D02D2A76D04FF0000CA2F1300338
:1093F000092B7DD9179600239FE04FF0000ACAE79A
:10940000BBF1080FD7BF0E9A01FB074201FB0242D6
:10941000303AD4BF0E92A2F130070BF1010B179333
:10942000BEE7179B5A1C17925A78BBF1000F33D036
:109430005C460690A2F13003092B12D90123079351
:10944000C0E7179B01305A1C17925A78302AF8D07F
:10945000A2F13103082B00F2BF84069000200446DD
:10946000179D303A00F1010310D0069920441944A9
:109470000A230691A04211D1082800F1010419DC49
:109480000A230E9903FB01230E930023179A184613
:10949000511C17915278CDE75846D7E7082C04F1B4
:1094A000010403DC0E9959430E91E3E7102CD8BF59
:1094B0005F43DFE70F28DCBF0A2303FB0727E4E74E
:1094C00000210123CDE9061381E74FF0000CB31C06
:1094D0001793B2788AE74FF0010CF8E794B30008CD
:1094E0000000F07FCBB10008179B5A1C17925A78E6
:1094F000302AF9D0A2F13103082B3FF67CAF179B3D
:10950000A2F1300E194605930B46013317931A78D2
:109510001946A2F13003092B3CD9059BCB1A082B25
:1095200044F61F633CDC9E45A8BF9E46CDF814E080
:10953000BCF1000F02D0059B5B420593002C50D17B
:109540005AEA00007FF4DAAE079B002B7FF4ADAE41
:10955000692A29D026DC492A26D04E2A7FF4A5AED6
:109560009F4917A801F0CAF900283FF49EAE179B47
:109570001B78282B2FD19B491AAA17A801F0D2F9E2
:10958000052828D11B9BDDF8688043F0FF4949F48A
:10959000E009B3E60A2303FB0E22A2F1300EB3E783
:1095A0000593C5E76E2AD9E78F4917A801F0A6F9F8
:1095B00000283FF47AAE179B8C49013B17A81793FC
:1095C00001F09CF910B9179B013317934FF0000875
:1095D000DFF81C9292E6874800F0CEFE804689466E
:1095E0008CE6DDE90532BBF1000F08BFA3469B1AEC
:1095F000102C0E98A2460A93A8BF4FF0100AF6F757
:10960000F1FE092C8046894611DC0A9B002B3FF4B1
:1096100075AE0A9B71DD162B58DC7749424601EB8B
:10962000C3014B46D1E90001F6F756FFD6E7724B6E
:1096300003EBCA0353E91223F6F74EFF8046384680
:109640008946F6F7CFFE02460B4640464946F6F7F6
:109650008DFD0F2C80468946D7DD0A9BA4EB0A0AB4
:109660009A44BAF1000F40F397802AF00F061AF0DF
:109670000F0A51D1B6F59A7F5EDC00234046494679
:109680001F46DFF878A13611012E79D10BB1804643
:1096900089465A49A9F1547901EBC7014246D1E9FB
:1096A00000014B46F6F718FF514B0A460B40544950
:1096B00080468B4240D8A1F580118B4286BF4FF087
:1096C000FF38DFF8409102F1547932E00A9AC4F190
:1096D00025039342C1DB484DC4F10F0405EBC401DF
:1096E0004246D1E900014B46F6F7F6FE0A9B1C1BE9
:1096F00005EBC405D5E9002396E71633ADDBDDE9BC
:1097000005239A1A3C4B404603EBC2034946D3E972
:109710000023F7F70BF861E73749424601EBCA012E
:109720004B46D1E90001F6F7D7FE80468946002E68
:10973000A0D1002307939FE0002405940E94069483
:1097400022234FF00008049ADFF8A49013600E9BC8
:10975000002B3FF4D3AD18990498FFF7EFF8069962
:109760000498FFF7EBF8DDE90401FFF7E7F80E993D
:109770000498FFF7E3F821460498FFF7DFF8BDE50A
:10978000F20704D5DAE90023F6F7A6FE0123013734
:1097900076100AF1080A77E7CBD0CAF1000A4FEA3F
:1097A0002A161AF00F0A0DD11F2E2DDD0024059464
:1097B0000E9406942223049A4FF000084FF00009FB
:1097C0001360C4E70C4B404603EBCA034946D3E998
:1097D0000023F6F7ABFF80468946002EA9D0E3E7C9
:1097E000B9B0000880B30008B1B00008E8B00008C4
:1097F0000000F07F21B20008B8B2000890B2000863
:109800000000A07CFFFFEF7F16F0100318BF6A2353
:109810004046079349460023764FF20704D5D7E91F
:109820000023F6F759FE0123761007F10807F4D15B
:109830000BB180468946079BB3B1C9F30A52C2F106
:109840006B03002B49460FDD1F2B59DD342BD8BF8E
:109850004FF0FF334FF00008CFBF4FF05C79C2F1FB
:109860004B02934003EA0109002200234046494687
:10987000F7F79AF8002899D10E9B5A46009329468B
:1098800023460498FFF7C2F80E9000283FF454AF27
:10989000DDE905239B1A0A9A0024002AA8BF0023A9
:1098A000129322EAE273149305940E9B049859686C
:1098B000FFF706F8069000283FF442AF0E9B0C30ED
:1098C0001A6903F10C0102329200FEF77AF81AAB22
:1098D000019319AB009342464B460498CDE90C899D
:1098E000FFF7CCFB189000283FF42AAF0121049821
:1098F000FFF722F90346059048B9002305931FE7B7
:109900004FF0FF3202FA03F303EA0808ACE7199DAF
:109910001A9A002DABBF129B149BEF185E1B079B7E
:10992000A8BF149EA5EB03051544334B05F1FF3585
:10993000B8BF129F9D42C2F136024FDA5B1B1F2B4C
:109940004FF00101A2EB03023CDC4FF0000B01FAE7
:1099500003FABD18079BAF4216441E443B46A8BFFE
:109960002B46B342A8BF3346002BC2BFED1AF61AEE
:10997000FF1A129B002B16DDDDE904011A46FFF7E2
:1099800099F905900028B8D00146189A0498FFF775
:10999000E9F80F9000283FF4D3AE18990498FEF729
:1099A000CDFF0F9B1893002D1BDC0A9B002B25DDA0
:1099B000149A06990498FFF77DF90690F0B90023F0
:1099C0000693BDE6C5F17F4505F57F0505F57B45A9
:1099D000E23501FA05FB4FF0010ABAE74FF0000B40
:1099E000F9E72A4618990498FFF7C0F9189000285B
:1099F000DBD1A5E6A8B3000802FCFFFF002E07DDBF
:109A0000324606990498FFF7B1F906900028D6D09F
:109A1000002F08DDDDE904013A46FFF7A7F90590BC
:109A200000283FF48DAE069A18990498FFF726FA9D
:109A3000044600283FF484AEC36805990F930023C1
:109A4000C360FFF7FFF900283CDA0F9B53EA0803D5
:109A50005ED1C9F313034D46002B59D129F00043C1
:109A60001B0D1B05B3F1D66F52D9636913B9236976
:109A7000012B4DDD214601220498FFF777F9059966
:109A80000446FFF7DFF9002842DDA74B079A2B4079
:109A9000002A5FD0B3F1D66F5CD8B3F15C7F7FF65C
:109AA00089AE40464946A14B0022F6F715FD9E4B74
:109AB00080460B408946002B7FF44DAE2223049A4A
:109AC000136048E64D4662D10F9AC9F3130342B3BF
:109AD000974A934228D1079B4146EBB1924B4FF0F6
:109AE000FF322B40B3F1D46F19D81B0DC3F16B03B8
:109AF00002FA03F3994217D18E4B9D4202D10131F4
:109B00003FF41EAE4FF00008874B2B4003F5801941
:109B1000079B002BC5D11EE64FF0FF33EAE7134643
:109B2000E8E753EA0803B0D0BBF1000F1BD01BEAF3
:109B3000050FEDD00F9B40464946079AB3B1FFF79A
:109B400069FB02460B46DDE90C01F6F70FFB804688
:109B50008946DDE7A3F580136FEA13594FF0FF380C
:109B60006FEA0959D4E71AEA080FE2E7FFF752FB58
:109B700002460B46DDE90C01F6F7F6FA0022002357
:109B800080468946F6F710FF0028C1D012E620462D
:109B90000599FFF7CBFA00224FF0804306460F46A7
:109BA000F6F716FF00286ED00F9B002B79D1B8F185
:109BB000000F54D1C9F31303002B56D100223046B5
:109BC00039465D4BF6F7FAFE002857D100223046A1
:109BD00039465A4BF6F780FC82468B460BF1004320
:109BE000CDF820A00993504B4F4A2B401393544B70
:109BF0002A409A42DDE9086740F0A880A5F154792F
:109C000040464946FFF7D2F9DDE90823F6F764FC40
:109C100042464B46F6F7AAFA434D4A4A0D40954252
:109C2000804645D90D9A434B9A4203D10C9B013390
:109C30003FF486AD4FF0FF38DFF8F890189904989C
:109C4000FEF77CFE06990498FEF778FEDDE9040134
:109C5000FEF774FE21460498FEF770FE25E6B8F183
:109C6000010F02D1002D3FF4A5AD0022364B4FF07D
:109C7000000ACDE90823DFF8C0B0B4E74FF0000ACE
:109C8000DFF8B8B0AAE72D4B002230463946F6F788
:109C900023FC0F9B82468B46002B9FD0CDE908AB5F
:109CA000A1E70022244B92469B46CDE908239AE780
:109CB00001F15479079B002BC0D129F00043139A7E
:109CC0001B0D1B059A42B9D150465946F7F766FA63
:109CD000F6F7D4FB02460B4650465946F6F744FACF
:109CE0000F9AC9F3130343EA0803134306460F46CA
:109CF00065D009A3D3E90023F6F760FE00287FF4BE
:109D00002AAD07A3D3E9002330463946F6F774FE9F
:109D1000002893D01FE500BF9535A094FFFFDF3FDB
:109D200035E5AF350000E03F0000F07F000050391E
:109D3000FFFF0F00FFFFEF7F0000F03F0000E03F5C
:109D40000000E07FFFFF9F7C0000F0BF079B13B384
:109D5000139BB3F1D46F1ED825A3D3E9002350463B
:109D60005946F6F735FE90B159465046F6F78CFE47
:109D7000012838BF0120F6F735FB0F9B82468B4642
:109D8000D3B901F1004310901193DDE91067139AE4
:109D900007F1D6639F1ADDE90C01FFF707F90246C8
:109DA0000B4630463946F6F797FBDDE90C23F6F70C
:109DB000DDF9804689467DE7CDE910ABE5E70EA3E6
:109DC000D3E90023F6F7FAFDA2E700230B93179BD4
:109DD000159A1360FFF796BA652A3FF471AB452ACE
:109DE0003FF46EAB01230793FFF7AABBAFF30080EC
:109DF0000000C0FFFFFFDF419535A094FFFFCF3F7C
:109E0000014BFFF729BA00BF70000020242B2DE979
:109E1000F0478646904601D8012B06D1FDF796FD06
:109E2000162303600020BDE8F0870D4633482A461C
:109E300015F8014B065D16F00806F8D12D2C10D14F
:109E400001262C78951C33F0100215D1302C0DD141
:109E50002A7802F0DF02582A08D16C7802351023E4
:109E60000AE02B2C04BF2C78951CECE7002BF6D1D4
:109E7000302C14BF0A230823002206F1004C0CF1F9
:109E8000FF3CBCFBF3F9104603FB19CAA4F13007F1
:109E9000092F0FD83C46A3421BDD571C07D0814534
:109EA00014D301D1A24511DB012200FB034015F8B8
:109EB000014BEBE7A4F14107192F01D8373CEAE742
:109EC000A4F16107192F04D8573CE4E74FF0FF32A3
:109ED000EDE7531C08D122236046CEF80030B8F1DC
:109EE000000FA0D0691E06E006B14042B8F1000F95
:109EF00099D0002AF6D1C8F8001094E7D1B3000831
:109F0000FFF784BF2DE9F0471F468E688246BE42A8
:109F10000C469046334653D8B1F90C0010F4906FBC
:109F20002BD065692368096905EB4505A3EB010999
:109F300005EBD5757B1C6D104B44AB422A4684BFA4
:109F40001D462A46430527D511465046FEF72CFCF0
:109F5000064658B34A462169FDF733FDA38923F429
:109F6000906343F08003A38126614E4426603B4604
:109F70003E466561A5EB0905A5601F463A46414688
:109F8000206800F0BDF90020A3689B1BA360236834
:109F90003B442360BDE8F087504600F072FD064662
:109FA0000028E1D150462169FEF78CFB0C23CAF84A
:109FB0000030A3894FF0FF3043F04003A381E9E76D
:109FC0003E46DBE72DE9F0471F468B8906461B0618
:109FD0000D4614469CB010D50B6973B94021FEF7AD
:109FE000E3FB2860286130B90C2333604FF0FF3069
:109FF0001CB0BDE8F08740236B6100230993202348
:10A000008DF8293030234FF001080397644F8DF805
:10A010002A302346994613F8012B0AB1252AF9D193
:10A02000B9EB040A0BD05346224629463046FFF7C7
:10A0300069FF013000F0A480099A5244099299F80E
:10A040000030002B00F09C8000234FF0FF32CDE960
:10A05000052309F10109049307938DF853301A93EE
:10A060004C46052214F8011B4D48FDF79CFC049B4F
:10A07000D0B9D80644BF20228DF85320190744BF19
:10A080002B228DF8532099F800202A2A13D04C4611
:10A0900000204FF00A0C079A214611F8013B303B93
:10A0A000092B49D968B913E0C01B08FA00F018431E
:10A0B000A1460490D4E7039A111D12680391002A67
:10A0C00001DB079204E0524243F00203079204933B
:10A0D00023782E2B0AD163782A2B32D1039B0234AA
:10A0E0001A1D1B68039243EAE3730593DFF8B490EB
:10A0F000032248462178FDF756FC38B14022049BE4
:10A10000A0EB0900824013430134049314F8011BAF
:10A11000062225488DF82810FDF745FC002835D08B
:10A12000224818BB039B073323F00703083303932C
:10A13000099B034409936CE70C4601200CFB023297
:10A14000AAE700234FF00A0C194601340593204674
:10A1500010F8012B303A092A03D9002BC6D00591FB
:10A16000C4E7044601230CFB0121F0E703AB009395
:10A170002A4630460E4B04A9FCF79EFC421CD7D160
:10A18000AB895B063FF532AF099831E703AB00932B
:10A190002A463046064B04A9FCF72CFFEEE700BF29
:10A1A000CDB10008D3B10008D7B10008B96A0008E2
:10A1B000059F0008B1F90C20F8B5160705460C46B6
:10A1C00051D44B68002B02DC0B6C002B49DDE66A96
:10A1D000002E46D0002312F480522F682B6031D01D
:10A1E000626DA389590705D56368D21A636B0BB1F9
:10A1F000236CD21A00232846E66A216AB047421C23
:10A20000B4F90C3006D129681D2945D8274ACA401F
:10A21000D60741D5002262602269D904226004D5A4
:10A22000421C01D12B6803B96065616B2F60C1B11D
:10A2300004F14403994202D02846FEF743FA002372
:10A2400063630EE001232846216AB0470246501C92
:10A25000C7D12B68002BC4D01D2B01D0162B19D1D0
:10A260002F6000201DE00F69002FFAD0930718BF60
:10A2700000230E6808BF4B69F61B0F608B60002E31
:10A28000EFDD33463A462846216AD4F828C0E04735
:10A29000002807DCB4F90C304FF0FF3043F04003E6
:10A2A000A381F8BD0744361AE9E700BF010040204A
:10A2B00038B50B6905460C4613B90025284638BD4C
:10A2C00018B1036A0BB9FDF753FAB4F90C30002B3F
:10A2D000F3D0626ED00704D4990502D4A06DFDF7C7
:10A2E00060FB28462146FFF765FF636E0546DA07E7
:10A2F000E4D4A3899B05E1D4A06DFDF753FBDDE712
:10A30000884210B501EB020402D98442234607D8E3
:10A31000431EA14207D011F8012B03F8012FF8E7E3
:10A320000244824200D110BD13F8011D02F8011D44
:10A33000F7E710B56AB10139841810F8012B11F84C
:10A34000013F9A4203D1A04201D0002AF5D1D01A90
:10A3500010BD1046FCE7000038B50023054D04464B
:10A3600008462B60F8F74CF9431C02D12B6803B167
:10A37000236038BD1806002000200149704700BF47
:10A380000000F87F1FB514461A46094B05461B68A6
:10A39000D8684CB1074BCDE9013400912B460649F2
:10A3A00000F0AAFB00F0BAFB044B1C46F3E700BF29
:10A3B00020000020E6B10008F3B1000821B2000837
:10A3C00070B5A1FB025434B92946FEF7EDF90646F3
:10A3D00028B9304670BD0C2200260260F9E72A46F3
:10A3E0002146FDF761FAF4E703692DE9F043B3EB89
:10A3F000611F00F114044FEA611246DD11F01F01E4
:10A4000004EB830604EB82050CD1294600F110070A
:10A41000B14235D39B1A9B00EA1E964238BF0023F7
:10A42000234415E0A14654F82270C1F12008CF4022
:10A4300005F1040E7645F44616D89A1A9200043AAD
:10A440000135AE4238BF0022A318A75007B104332C
:10A45000A342A3EB040208BF00234FEAA202026159
:10A4600008BF4361BDE8F083DCF800C00CFA08FCCB
:10A470004CEA070749F8047B5EF8047BCF40D9E734
:10A4800051F804CB47F804CFC2E72346E0E7A0F138
:10A490003003092B02D82038C0B27047A0F1610305
:10A4A000052B01D84738F7E7A0F14103052B01D868
:10A4B0002738F1E7002070472DE9F04F8A46904693
:10A4C00085B002930B6801909C1CA14614F8010B07
:10A4D0003028FAD0A9EB0303A3F1020BFFF7D7FF53
:10A4E0000546002868D1012248469F49FFF721FF11
:10A4F0000746002867D199F801002646FFF7C7FFF5
:10A50000002862D0234618789946302803F10103C9
:10A51000F9D0FFF7BCFFB0FA80F54FF0010B6D09E1
:10A520004A46164630780132FFF7B1FF0028F8D1CD
:10A53000012230468C49FFF7FCFE00283FD144B988
:10A54000741C2246164630780132FFF7A0FF00281F
:10A55000F8D1A41BA700337803F0DF03502B3ED1C2
:10A5600073782B2B33D02D2B34D00024711C08781A
:10A57000FFF78DFF431EDBB2182B30D8A0F110027D
:10A5800011F8010FFFF783FF00F1FF3C5FFA8CFC2D
:10A59000BCF1180F4FF00A031ED904B15242174400
:10A5A000CAF80010EDB1BBF1000F0CBF0625002565
:10A5B000284605B0BDE8F08F00252C46B0E7002CFA
:10A5C000C7D12746C7E74E462F460125C3E70024DB
:10A5D000B11CCCE70124FBE703FB0200CEE73146C8
:10A5E000DEE72946A6EB0903013B072B0ADC0198AD
:10A5F000FEF766F9044640B90246E4215B4B5C482D
:10A60000FFF7C0FE01315B10EFE7002300F1140AF1
:10A6100055469B46B14537D345F804BBA5EB0A0523
:10A62000AD1025615846FEF73BFA6D01D8F8006081
:10A630002D1AB54254DDAD1B29462046FEF7C9FD53
:10A64000814678B14FF001096B1E59115AF821105B
:10A6500003F01F0209FA02F20A4203D04B4536DC2E
:10A660004FF0020929462046FFF7BEFE2F44D8F8D6
:10A670000830BB4242DA21460198FEF75FF9002319
:10A680000E9AA325136093E716F8012D2E2A12D0F7
:10A69000202B04D145F804BB4FF0000B5B4630780B
:10A6A0000393FFF7F4FE039B00F00F0098404BEA82
:10A6B000000B0433AEE7B145EAD8012230462A49FF
:10A6C0000393FFF736FE039B0028E1D1A2E7204663
:10A6D000A91EFEF77EFD0028C2D04FF00309C1E796
:10A6E00009DA751B21462A460198FEF73FFB04460E
:10A6F0007F1B00F1140A4FF00009B8E7D8F80450A6
:10A70000BD426FDDED1BAE4234DCD8F80C30022BBD
:10A7100022D0032B24D0012B15D1AE4213D1012E10
:10A720000BD1D8F80430029A62251360012323610B
:10A73000CAF800300E9B1C603AE72046711EFEF7F7
:10A7400048FD0028EDD121460198FEF7F7F80023D7
:10A750000E9A502513602BE70F9B002BF3D1E0E7F7
:10A760000F9B002BDDD1EEE7CBB1000861B10008F3
:10A7700022B200086F1EB9F1000F30D127B139465F
:10A780002046FEF726FD814601232946761B022539
:10A790007A115AF8222007F01F07BB4013422046C7
:10A7A00018BF49F00209FFF71FFED8F80470B9F18D
:10A7B000000F47D0D8F80C30022B15D0032B17D040
:10A7C000012B09D119F0020F06D0DAF8003049EA5E
:10A7D000030919F0010F0ED145F0100532E04FF0DA
:10A7E0000109D1E70125E2E70F9BC3F101030F93B4
:10A7F0000F9B002BF0D04FF0000CD4F810B004F1F8
:10A8000014034FEA8B0A03EB8B01184653F8042B11
:10A81000B2F1FF3F1BD001320260022D04F114039C
:10A820003CD1D8F80020013AB24209D1012271117D
:10A8300053F8213006F01F0602FA06F61E423AD1FE
:10A8400045F020050E9B1C60029B1F60B0E69942FC
:10A8500043F804CCD9D8A3689B4517DB61680198FD
:10A860000131FEF72DF8814618B902468421194BB3
:10A87000C5E6226904F10C01023292000C30FDF7AA
:10A88000A0F821460198FEF759F84C4623695A1C56
:10A890002261012204EB83035A61BEE722695A4513
:10A8A0000BDD01212046FFF79FFDD8F80830013766
:10A8B000BB42FFF6E0AE0125C2E716F01F06FAD054
:10A8C000534453F8040CFEF7EBF8C6F12006B042EF
:10A8D000E7DBF0E761B10008C2F10802920070B551
:10A8E000C2F120064368046803FA06F52C43D340FE
:10A8F000046040F8043F8842F4D370BD30B503686B
:10A90000013311F8014B14B90360012030BD13F875
:10A91000012BA2F14105192D98BF2032A242F0D09F
:10A920000020F3E72DE9F04F00250B6882465E1109
:10A9300002EB860613F01F0318BF0436371F90463C
:10A94000B9463C46AB4687B00168019346F8045CC3
:10A9500002954A784B1C039342B31046059104922A
:10A96000FFF795FD002853D1049A0599202A18D89D
:10A97000029B9B4513DD4C4506D2072D04DC2A467D
:10A9800049462046FFF7A8FF444554D90023A4F1C7
:10A99000040944F8043C1D464C46CDF808B0039920
:10A9A000D7E7292A59D10231CAF80010BBF1000FAC
:10A9B00053D04C4506D2072D04DC2A464946204692
:10A9C000FFF78AFF444538D92346A8F1040253F81B
:10A9D000041B9F4242F8041FF9D23B1B23F00303E0
:10A9E0000134033EB44288BF0023002108F1040271
:10A9F00013441A4604339F421160FAD23B681BB9D4
:10AA0000474528D101233B60052007B0BDE8F08F02
:10AA10000135082D0BF1010B06DD4445BFD900239C
:10AA2000012544F8043C043C226800F00F0040EA91
:10AA300002102060B3E70825B1E7019B002BDDD0B1
:10AA40004FF0FF32C3F12003DA4056F8043C1340C4
:10AA500046F8043CD2E7043FD0E70420D5E782B0B3
:10AA600001B901A942B14BB113780B601278101EE5
:10AA700018BF012002B070471046FBE76FF00100DD
:10AA8000F8E72DE9F041074614460D4621B9114675
:10AA9000BDE8F041FDF788BE2AB9FDF713FE254653
:10AAA0002846BDE8F08100F040F88442064602D80E
:10AAB000B4EB500FF4D821463846FDF775FE8046BA
:10AAC00008B94546ECE7B4422246294628BF32463B
:10AAD000FCF777FF29463846FDF7F4FDF1E703461A
:10AAE000084641B1FF2A04D98A224FF0FF301A608C
:10AAF000704701200A7070470EB403B5014603ABDE
:10AB0000054853F8042B0068019300F03DF802B0AB
:10AB10005DF804EB03B0704720000020062008B564
:10AB200000F000FA0120F7F7F6FC51F8043C181F7A
:10AB3000002BBCBF0B58C0187047936810B4013B82
:10AB4000002B936007DA9469A34201DB0A2902D142
:10AB500010BC00F02DB91368581C1060197008461D
:10AB600010BC7047F8B506460F461446D518AC42DF
:10AB700001D1002007E03A46304614F8011BFFF7E8
:10AB8000DCFF431CF3D1F8BD2DE9F0470D46144618
:10AB90001F4606469CB018B1036A0BB9FCF7E8FDE6
:10ABA0006B6ED90705D4AB899A0502D4A86DFCF762
:10ABB000F8FEAB891B0701D52B699BB929463046A6
:10ABC00000F034F970B16B6EDC0704D54FF0FF3044
:10ABD0001CB0BDE8F087AB899805F7D4A86DFCF7E9
:10ABE000E1FEF3E70023099320238DF82930302379
:10ABF0004FF001080397694F8DF82A302346994694
:10AC000013F8012B0AB1252AF9D1B9EB040A0BD0AC
:10AC10005346224629463046FFF7A4FF013000F094
:10AC2000A480099A5244099299F80030002B00F050
:10AC30009C8000234FF0FF32CDE9052309F1010983
:10AC4000049307938DF853301A934C46052214F859
:10AC5000011B5248FCF7A7FE049BD0B9D90644BF9C
:10AC600020228DF853201A0744BF2B228DF8532041
:10AC700099F800202A2A13D04C4600204FF00A0CE5
:10AC8000079A214611F8013B303B092B49D968B995
:10AC900013E0C01B08FA00F01843A1460490D4E763
:10ACA000039A111D12680391002A01DB079204E048
:10ACB000524243F002030792049323782E2B0AD1C9
:10ACC00063782A2B32D1039B02341A1D1B6803922E
:10ACD00043EAE3730593DFF8C890032248462178DE
:10ACE000FCF761FE38B14022049BA0EB09008240D2
:10ACF00013430134049314F8011B062229488DF8EC
:10AD00002810FCF750FE00283ED0274818BB039BB4
:10AD1000073323F0070308330393099B0344099384
:10AD20006CE70C4601200CFB0232AAE700234FF02F
:10AD30000A0C194601340593204610F8012B303ACD
:10AD4000092A03D9002BC6D00591C4E70446012384
:10AD50000CFB0121F0E703AB00932A463046134B6E
:10AD600004A9FBF7A9FE431CD7D16B6ED90705D404
:10AD7000AB899A0502D4A86DFCF714FEAB895B067B
:10AD80003FF524AF099823E703AB00932A463046EA
:10AD9000064B04A9FCF72EF9E5E700BFCDB100088A
:10ADA000D3B10008D7B10008B96A000865AB000844
:10ADB000F8B50E461446054618B1036A0BB9FCF700
:10ADC000D7FCA369A360A3891A0701D5236943B9F6
:10ADD0002146284600F02AF818B14FF0FF373846D0
:10ADE000F8BD23682269F6B2981A63693746834230
:10ADF00005DC21462846FFF75BFA0028EDD1A36861
:10AE0000013BA36023685A1C22601E706269431CC8
:10AE10009A4204D0A389DB07E1D50A2EDFD121466F
:10AE20002846FFF745FA0028D9D0D6E738B5284B91
:10AE3000054618680C4618B1036A0BB9FCF798FC74
:10AE4000B4F90C301A0721D4D80607D409222A6095
:10AE500043F040034FF0FF30A38130E0590712D593
:10AE6000616B41B104F14403994202D02846FDF7D9
:10AE700029FC002363630022B4F90C30626022696C
:10AE800023F02403226043F00803A38122693AB926
:10AE90009A0501D5180603D52146284600F082F808
:10AEA000B4F90C3013F001020AD00022A2606269EA
:10AEB0005242A261226942B913F08000C8D138BD64
:10AEC000990758BF6269A260F4E70020F7E700BF66
:10AED000200000201F2938B505460C4604D916234A
:10AEE00003604FF0FF3038BDC26B12B152F8213011
:10AEF0004BB9284600F030F8224601462846BDE806
:10AF0000384000F017B8012B0AD0591C03D1162382
:10AF100003600120E7E70021204642F8241098470B
:10AF20000020E0E7024B01461868FFF7D3BF00BFDF
:10AF30002000002038B50023064D0446084611467F
:10AF40002B60F7F7D8FA431C02D12B6803B12360BA
:10AF500038BD00BF18060020F7F7C6BA70B50C461A
:10AF6000B1F90E10154600291E4696B00ADAA189DD
:10AF700011F0800113D14FF48062002031602A600B
:10AF800016B070BD6A4600F047F80028EFDB019963
:10AF900001F47041A1F5005359425941EBE70021FA
:10AFA0004022EAE78B8973B59E0705460C4607D514
:10AFB00004F14703236023610123636102B070BD84
:10AFC00001AB6A46FFF7CAFF009E28463146FDF7EF
:10AFD000EBFBB4F90C3038B99A05EFD423F0030336
:10AFE00043F00203A381E3E743F08003A381019BC5
:10AFF000C4E904062060002BE0D02846B4F90E1006
:10B0000000F01CF80028D9D0A38923F0030343F0F3
:10B010000103A381D2E7000038B50023064D0446A2
:10B02000084611462B60F7F7C5FA431C02D12B687E
:10B0300003B1236038BD00BF1806002038B50023D7
:10B04000054D044608462B60F7F7C3FA431C02D1AE
:10B050002B6803B1236038BD18060020F8B500BF87
:10B06000F8BC08BC9E467047F8B500BFF8BC08BCE9
:04B070009E46704741
:10B0780000000000000000000102030406070809A0
:10B088000000000001020304020304050607080982
:10B098000A0B0C0D0E0F1010010200000102030430
:10B0A80005060F10494E4600696E66004E414E0077
:10B0B8006E616E003000303132333435363738390E
:10B0C800414243444546003031323334353637380F
:10B0D800396162636465660065256C6400496E6663
:10B0E800696E697479004E614E005245454E542090
:10B0F8006D616C6C6F63207375636365656465640B
:10B10800002F6275696C642F676E752D746F6F6C94
:10B11800732D666F722D73746D33325F31342E3335
:10B128002E72656C312E32303235313032372D3057
:10B138003730302F7372632F6E65776C69622F6EAC
:10B1480065776C69622F6C6962632F7374646C69CC
:10B15800622F64746F612E630042616C6C6F6320B0
:10B16800737563636565646564002F6275696C64F3
:10B178002F676E752D746F6F6C732D666F722D73DC
:10B18800746D33325F31342E332E72656C312E324A
:10B19800303235313032372D303730302F737263DB
:10B1A8002F6E65776C69622F6E65776C69622F6C9C
:10B1B8006962632F7374646C69622F6D7072656362
:10B1C8002E63002E00232D302B2000686C4C006568
:10B1D8006667454647004300504F534958002C20A6
:10B1E80066756E6374696F6E3A2000617373657279
:10B1F80074696F6E2022257322206661696C65640C
:10B208003A2066696C6520222573222C206C696EB1
:10B2180065202564257325730A002F6275696C649F
:10B228002F676E752D746F6F6C732D666F722D732B
:10B23800746D33325F31342E332E72656C312E3299
:10B24800303235313032372D303730302F7372632A
:10B258002F6E65776C69622F6E65776C69622F6CEB
:10B268006962632F7374646C69622F6764746F61B9
:10B278002D6765746865782E63000000050000007E
:10B28800190000007D0000000080E03779C34143C9
:10B29800176E05B5B5B89346F5F93FE9034F384D34
:10B2A800321D30F94877825A3CBF737FDD4F1575E0
:10B2B800000000000000F03F0000000000002440F3
:10B2C80000000000000059400000000000408F40CE
:10B2D800000000000088C34000000000006AF84039
:10B2E8000000000080842E4100000000D01263415D
:10B2F8000000000084D797410000000065CDCD41D3
:10B30800000000205FA00242000000E876483742B3
:10B31800000000A2941A6D42000040E59C30A24251
:10B328000000901EC4BCD64200003426F56B0C43C6
:10B338000080E03779C3414300A0D885573476436D
:10B3480000C84E676DC1AB43003D9160E458E143CE
:10B35800408CB5781DAF154450EFE2D6E41A4B4443
:10B3680092D54D06CFF08044F64AE1C7022DB54488
:10B37800B49DD9794378EA4434000000CEFBFFFF3E
:10B38800CB030000010000000000000035000000B1
:10B39800CEFBFFFFCB03000001000000000000000F
:10B3A800BC89D897B2D29C3C33A7A8D523F6493993
:10B3B8003DA7F444FD0FA5329D978CCF08BA5B25B5
:10B3C800436FAC642806681100202020202020202C
:10B3D800202028282828282020202020202020203D
:10B3E800202020202020202020881010101010104D
:10B3F8001010101010101010100404040404040499
:10B408000404041010101010101041414141414132
:10B418000101010101010101010101010101010114
:10B428000101010110101010101042424242424224
:10B4380002020202020202020202020202020202E4
:10B44800020202021010101020000000000000008C
:10B4580000000000000000000000000000000000E4
:10B4680000000000000000000000000000000000D4
:10B4780000000000000000000000000000000000C4
:10B4880000000000000000000000000000000000B4
:10B4980000000000000000000000000000000000A4
:10B4A8000000000000000000000000000000000094
:10B4B8000000000000000000000000000000000084
:0CB4C80000000000000000000000000078
:08B4D4007C4CFF7F0100000029
:04B4DC00350100082E
:04B4E000110100084E
:10B4E400AF7F000000127A0010000000010000008D
:10B4F400050000000000000003000000DC04002040
:10B504002400002000000000DC040020440500208A
:10B51400AC05002000000000000000000000000056
:10B524000000000000000000000000000000000017
:10B534000000000000000000000000000000000007
:10B5440000000000000000000000000000000000F7
:10B5540043000000000000000000000000000000A4
:10B5640000000000000000000000000000000000D7
:10B574004300000000000000000000000000000084
:10B5840000000000000000000000000000000000B7
:10B594004300000000000000000000000000000064
:10B5A4000000000000000000000000000000000097
:10B5B4004300000000000000000000000000000044
:10B5C4000000000000000000000000000000000077
:10B5D4004300000000000000000000000000000024
:10B5E4000000000000000000000000000000000057
:10B5F4004300000000000000000000000000000004
:10B604000000000000000000000000000000000036
:10B6140043000000000000000000000000000000E3
:10B624000000000000000000000000000000000016
:10B63400DFAA00085FAA000800000000D0B30008D9
:10B64400CBB1000821B2000821B2000821B20008E1
:10B6540021B2000821B2000821B2000821B200087A
:10B6640021B2000821B20008FFFFFFFFFFFFFFFF28
:10B67400FFFFFFFFFFFF0000010041534349490062
:10B6840000000000000000000000000000000000B6
:10B69400000000000000000000004153434949003D
:10B6A4000000000000000000000000000000000096
:0CB6B4000000000000000000000000008A
:040000050800267950
:00000001FF
